{"v":"5.2.1","fr":30,"ip":0,"op":90,"w":832,"h":645,"nm":"Location","ddd":0,"assets":[],"layers":[{"ddd":0,"ind":1,"ty":4,"nm":"search Outlines","sr":1,"ks":{"o":{"a":0,"k":100,"ix":11},"r":{"a":1,"k":[{"i":{"x":[0.667],"y":[1]},"o":{"x":[0.333],"y":[0]},"n":["0p667_1_0p333_0"],"t":0,"s":[0],"e":[34.235]},{"i":{"x":[0.667],"y":[1]},"o":{"x":[0.333],"y":[0]},"n":["0p667_1_0p333_0"],"t":47,"s":[34.235],"e":[0]},{"t":90}],"ix":10},"p":{"a":0,"k":[173,380.5,0],"ix":2},"a":{"a":0,"k":[0,221.5,0],"ix":1},"s":{"a":0,"k":[100,100,100],"ix":6}},"ao":0,"shapes":[{"ty":"gr","it":[{"ind":0,"ty":"sh","ix":1,"ks":{"a":0,"k":{"i":[[2.23,0.568],[9.166,13.277],[-1.667,15.807],[-12.017,10.845],[-15.724,0.373],[-12.325,-10.644],[-2.355,-15.505],[8.944,-13.673],[15.06,-4.378],[11.287,2.79],[-2.234,-0.552],[-14.643,6.783],[-6.961,14.103],[3.781,15.837],[12.309,9.623],[16.306,-0.503],[12.019,-10.122],[2.84,-15.86],[-7.672,-13.977],[-18.61,-4.742]],"o":[[-15.623,-3.981],[-9.048,-13.107],[1.704,-16.161],[11.705,-10.563],[16.305,-0.386],[11.872,10.252],[2.459,16.187],[-8.613,13.167],[-11.186,3.251],[-2.234,-0.552],[15.68,3.875],[14.296,-6.623],[7.219,-14.626],[-3.635,-15.222],[-12.865,-10.058],[-15.757,0.486],[-12.357,10.406],[-2.816,15.726],[9.268,16.883],[2.231,0.569]],"v":[[-16.19,63.732],[-54.71,36.991],[-66.022,-7.994],[-44.299,-50.117],[-1.406,-67.023],[43.414,-50.848],[65.626,-10.58],[55.337,35.998],[18.208,63.185],[-16.19,63.732],[-17.059,67.193],[29.709,62.651],[62.731,30.247],[67.948,-17.152],[42.989,-55.8],[-2.449,-70.565],[-45.436,-53.846],[-68.913,-12.782],[-61.207,33.26],[-17.059,67.193]],"c":true},"ix":2},"nm":"Path 1","mn":"ADBE Vector Shape - Group","hd":false},{"ty":"fl","c":{"a":0,"k":[0.416000007181,0.517999985639,0.470999983245,1],"ix":4},"o":{"a":0,"k":100,"ix":5},"r":1,"nm":"Fill 1","mn":"ADBE Vector Graphic - Fill","hd":false},{"ty":"tr","p":{"a":0,"k":[150.847,77.584],"ix":2},"a":{"a":0,"k":[0,0],"ix":1},"s":{"a":0,"k":[100,100],"ix":3},"r":{"a":0,"k":0,"ix":6},"o":{"a":0,"k":100,"ix":7},"sk":{"a":0,"k":0,"ix":4},"sa":{"a":0,"k":0,"ix":5},"nm":"Transform"}],"nm":"Group 1","np":2,"cix":2,"ix":1,"mn":"ADBE Vector Group","hd":false},{"ty":"gr","it":[{"ind":0,"ty":"sh","ix":1,"ks":{"a":0,"k":{"i":[[-0.75,-0.746],[0,0],[-0.776,0.637],[0,0],[0.835,0.814],[0,0],[0.749,-0.799],[0,0]],"o":[[0,0],[0.712,0.707],[0,0],[0.902,-0.739],[0,0],[-0.785,-0.765],[0,0],[-0.724,0.772]],"v":[[-11.896,-8.893],[8.836,11.714],[11.457,11.837],[11.708,11.63],[11.833,8.717],[-9.124,-11.71],[-11.917,-11.646],[-11.944,-11.617]],"c":true},"ix":2},"nm":"Path 1","mn":"ADBE Vector Shape - Group","hd":false},{"ty":"fl","c":{"a":0,"k":[0.630999995213,0.4,0.322000002394,1],"ix":4},"o":{"a":0,"k":100,"ix":5},"r":1,"nm":"Fill 1","mn":"ADBE Vector Graphic - Fill","hd":false},{"ty":"tr","p":{"a":0,"k":[65.411,158.991],"ix":2},"a":{"a":0,"k":[0,0],"ix":1},"s":{"a":0,"k":[100,100],"ix":3},"r":{"a":0,"k":0,"ix":6},"o":{"a":0,"k":100,"ix":7},"sk":{"a":0,"k":0,"ix":4},"sa":{"a":0,"k":0,"ix":5},"nm":"Transform"}],"nm":"Group 2","np":2,"cix":2,"ix":2,"mn":"ADBE Vector Group","hd":false},{"ty":"gr","it":[{"ind":0,"ty":"sh","ix":1,"ks":{"a":0,"k":{"i":[[2.455,-2.365],[2.365,2.454],[-2.454,2.365],[-2.365,-2.455]],"o":[[-2.455,2.365],[-2.365,-2.455],[2.455,-2.364],[2.365,2.454]],"v":[[4.282,4.444],[-4.444,4.282],[-4.282,-4.445],[4.444,-4.282]],"c":true},"ix":2},"nm":"Path 1","mn":"ADBE Vector Shape - Group","hd":false},{"ty":"fl","c":{"a":0,"k":[1,1,1,1],"ix":4},"o":{"a":0,"k":100,"ix":5},"r":1,"nm":"Fill 1","mn":"ADBE Vector Graphic - Fill","hd":false},{"ty":"tr","p":{"a":0,"k":[151.715,130.14],"ix":2},"a":{"a":0,"k":[0,0],"ix":1},"s":{"a":0,"k":[100,100],"ix":3},"r":{"a":0,"k":0,"ix":6},"o":{"a":0,"k":100,"ix":7},"sk":{"a":0,"k":0,"ix":4},"sa":{"a":0,"k":0,"ix":5},"nm":"Transform"}],"nm":"Group 3","np":2,"cix":2,"ix":3,"mn":"ADBE Vector Group","hd":false},{"ty":"gr","it":[{"ind":0,"ty":"sh","ix":1,"ks":{"a":0,"k":{"i":[[-5.902,-1.385],[-0.735,-21.457],[20.553,-6.005],[-5.802,1.695],[-0.892,24.62],[22.443,8.576],[2.261,0.53]],"o":[[20.824,4.886],[0.733,21.404],[-5.793,1.692],[23.66,-6.914],[0.878,-24.263],[-2.17,-0.829],[-5.859,-1.375]],"v":[[-21.503,-45.822],[15.443,-1.288],[-18.645,45.667],[-16.437,54.775],[24.809,1.952],[-12.286,-52.849],[-18.958,-54.841]],"c":true},"ix":2},"nm":"Path 1","mn":"ADBE Vector Shape - Group","hd":false},{"ty":"fl","c":{"a":0,"k":[1,1,1,1],"ix":4},"o":{"a":0,"k":100,"ix":5},"r":1,"nm":"Fill 1","mn":"ADBE Vector Graphic - Fill","hd":false},{"ty":"tr","p":{"a":0,"k":[186.94,77.567],"ix":2},"a":{"a":0,"k":[0,0],"ix":1},"s":{"a":0,"k":[100,100],"ix":3},"r":{"a":0,"k":0,"ix":6},"o":{"a":0,"k":100,"ix":7},"sk":{"a":0,"k":0,"ix":4},"sa":{"a":0,"k":0,"ix":5},"nm":"Transform"}],"nm":"Group 4","np":2,"cix":2,"ix":4,"mn":"ADBE Vector Group","hd":false},{"ty":"gr","it":[{"ind":0,"ty":"sh","ix":1,"ks":{"a":0,"k":{"i":[[-26.677,25.703],[25.703,26.677],[26.677,-25.703],[-25.702,-26.677]],"o":[[26.677,-25.703],[-25.703,-26.677],[-26.677,25.703],[25.703,26.677]],"v":[[46.539,48.303],[48.303,-46.539],[-46.539,-48.303],[-48.303,46.539]],"c":true},"ix":2},"nm":"Path 1","mn":"ADBE Vector Shape - Group","hd":false},{"ty":"fl","c":{"a":0,"k":[0.694000004787,0.811999990426,0.875,1],"ix":4},"o":{"a":0,"k":100,"ix":5},"r":1,"nm":"Fill 1","mn":"ADBE Vector Graphic - Fill","hd":false},{"ty":"tr","p":{"a":0,"k":[151.049,77.97],"ix":2},"a":{"a":0,"k":[0,0],"ix":1},"s":{"a":0,"k":[100,100],"ix":3},"r":{"a":0,"k":0,"ix":6},"o":{"a":0,"k":75,"ix":7},"sk":{"a":0,"k":0,"ix":4},"sa":{"a":0,"k":0,"ix":5},"nm":"Transform"}],"nm":"Group 5","np":2,"cix":2,"ix":5,"mn":"ADBE Vector Group","hd":false},{"ty":"gr","it":[{"ind":0,"ty":"sh","ix":1,"ks":{"a":0,"k":{"i":[[25.703,26.677],[-26.677,25.703],[-25.703,-26.677],[26.677,-25.703]],"o":[[-25.703,-26.677],[26.677,-25.702],[25.703,26.677],[-26.677,25.703]],"v":[[-44.275,42.51],[-42.511,-52.332],[52.331,-50.568],[50.567,44.274]],"c":true},"ix":2},"nm":"Path 1","mn":"ADBE Vector Shape - Group","hd":false},{"ind":1,"ty":"sh","ix":2,"ks":{"a":0,"k":{"i":[[-31.01,29.878],[29.878,31.01],[31.011,-29.878],[-29.878,-31.011]],"o":[[31.011,-29.878],[-29.878,-31.011],[-31.01,29.878],[29.878,31.01]],"v":[[58.126,52.12],[60.177,-58.127],[-50.071,-60.178],[-52.121,50.07]],"c":true},"ix":2},"nm":"Path 2","mn":"ADBE Vector Shape - Group","hd":false},{"ty":"fl","c":{"a":0,"k":[0.349000010771,0.349000010771,0.356999984442,1],"ix":4},"o":{"a":0,"k":100,"ix":5},"r":1,"nm":"Fill 1","mn":"ADBE Vector Graphic - Fill","hd":false},{"ty":"tr","p":{"a":0,"k":[147.021,81.998],"ix":2},"a":{"a":0,"k":[0,0],"ix":1},"s":{"a":0,"k":[100,100],"ix":3},"r":{"a":0,"k":0,"ix":6},"o":{"a":0,"k":100,"ix":7},"sk":{"a":0,"k":0,"ix":4},"sa":{"a":0,"k":0,"ix":5},"nm":"Transform"}],"nm":"Group 6","np":3,"cix":2,"ix":6,"mn":"ADBE Vector Group","hd":false},{"ty":"gr","it":[{"ind":0,"ty":"sh","ix":1,"ks":{"a":0,"k":{"i":[[5.669,5.884],[0,0],[-4.413,4.252],[0,0],[0,0],[0,0]],"o":[[0,0],[-5.67,-5.884],[0,0],[0,0],[0,0],[-4.413,4.252]],"v":[[-32.1,31.073],[-32.307,30.858],[-34.581,12.504],[15.535,-36.52],[37.326,-14.863],[-13.844,34.028]],"c":true},"ix":2},"nm":"Path 1","mn":"ADBE Vector Shape - Group","hd":false},{"ty":"fl","c":{"a":0,"k":[0.180000005984,0.275,0.380000005984,1],"ix":4},"o":{"a":0,"k":100,"ix":5},"r":1,"nm":"Fill 1","mn":"ADBE Vector Graphic - Fill","hd":false},{"ty":"tr","p":{"a":0,"k":[37.326,185.637],"ix":2},"a":{"a":0,"k":[0,0],"ix":1},"s":{"a":0,"k":[100,100],"ix":3},"r":{"a":0,"k":0,"ix":6},"o":{"a":0,"k":100,"ix":7},"sk":{"a":0,"k":0,"ix":4},"sa":{"a":0,"k":0,"ix":5},"nm":"Transform"}],"nm":"Group 7","np":2,"cix":2,"ix":7,"mn":"ADBE Vector Group","hd":false},{"ty":"gr","it":[{"ind":0,"ty":"sh","ix":1,"ks":{"a":0,"k":{"i":[[0,0],[0,0],[0,0],[0,0]],"o":[[0,0],[0,0],[0,0],[0,0]],"v":[[-24.657,40.794],[-42.63,22.14],[22.689,-40.794],[42.63,-24.035]],"c":true},"ix":2},"nm":"Path 1","mn":"ADBE Vector Shape - Group","hd":false},{"ty":"fl","c":{"a":0,"k":[0.556999954523,0.6,0.620000023935,1],"ix":4},"o":{"a":0,"k":100,"ix":5},"r":1,"nm":"Fill 1","mn":"ADBE Vector Graphic - Fill","hd":false},{"ty":"tr","p":{"a":0,"k":[67.285,157.658],"ix":2},"a":{"a":0,"k":[0,0],"ix":1},"s":{"a":0,"k":[100,100],"ix":3},"r":{"a":0,"k":0,"ix":6},"o":{"a":0,"k":100,"ix":7},"sk":{"a":0,"k":0,"ix":4},"sa":{"a":0,"k":0,"ix":5},"nm":"Transform"}],"nm":"Group 8","np":2,"cix":2,"ix":8,"mn":"ADBE Vector Group","hd":false}],"ip":0,"op":120,"st":0,"bm":0},{"ddd":0,"ind":2,"ty":4,"nm":"pin Outlines","sr":1,"ks":{"o":{"a":0,"k":100,"ix":11},"r":{"a":0,"k":0,"ix":10},"p":{"a":1,"k":[{"i":{"x":0.667,"y":1},"o":{"x":0.333,"y":0},"n":"0p667_1_0p333_0","t":0,"s":[345,146.5,0],"e":[345,206.5,0],"to":[0,0,0],"ti":[0,0,0]},{"i":{"x":0.667,"y":1},"o":{"x":0.333,"y":0},"n":"0p667_1_0p333_0","t":24,"s":[345,206.5,0],"e":[345,146.5,0],"to":[0,0,0],"ti":[0,0,0]},{"i":{"x":0.667,"y":1},"o":{"x":0.333,"y":0},"n":"0p667_1_0p333_0","t":46,"s":[345,146.5,0],"e":[345,206.5,0],"to":[0,0,0],"ti":[0,0,0]},{"i":{"x":0.667,"y":1},"o":{"x":0.333,"y":0},"n":"0p667_1_0p333_0","t":68,"s":[345,206.5,0],"e":[345,146.5,0],"to":[0,0,0],"ti":[0,0,0]},{"t":90}],"ix":2},"a":{"a":0,"k":[48,138.5,0],"ix":1},"s":{"a":0,"k":[100,100,100],"ix":6}},"ao":0,"shapes":[{"ty":"gr","it":[{"ind":0,"ty":"sh","ix":1,"ks":{"a":0,"k":{"i":[[0,12.728],[-12.727,0],[0,-12.728],[12.728,0]],"o":[[0,-12.728],[12.728,0],[0,12.728],[-12.727,0]],"v":[[-23.045,-24.65],[0,-47.695],[23.046,-24.65],[0,-1.605]],"c":true},"ix":2},"nm":"Path 1","mn":"ADBE Vector Shape - Group","hd":false},{"ind":1,"ty":"sh","ix":2,"ks":{"a":0,"k":{"i":[[0,-27.011],[-1.338,0],[0,27.011],[27.011,0]],"o":[[0,27.011],[1.798,0],[0,-27.011],[-27.011,0]],"v":[[-48.907,-21.136],[0,70.045],[48.908,-21.136],[0,-70.044]],"c":true},"ix":2},"nm":"Path 2","mn":"ADBE Vector Shape - Group","hd":false},{"ty":"fl","c":{"a":0,"k":[0.925,0.144999994016,0.043000000598,1],"ix":4},"o":{"a":0,"k":100,"ix":5},"r":1,"nm":"Fill 1","mn":"ADBE Vector Graphic - Fill","hd":false},{"ty":"tr","p":{"a":0,"k":[48.908,70.045],"ix":2},"a":{"a":0,"k":[0,0],"ix":1},"s":{"a":0,"k":[100,100],"ix":3},"r":{"a":0,"k":0,"ix":6},"o":{"a":0,"k":100,"ix":7},"sk":{"a":0,"k":0,"ix":4},"sa":{"a":0,"k":0,"ix":5},"nm":"Transform"}],"nm":"Group 1","np":3,"cix":2,"ix":1,"mn":"ADBE Vector Group","hd":false}],"ip":0,"op":120,"st":0,"bm":0},{"ddd":0,"ind":3,"ty":4,"nm":"people Outlines","sr":1,"ks":{"o":{"a":0,"k":100,"ix":11},"r":{"a":0,"k":0,"ix":10},"p":{"a":0,"k":[416,442.5,0],"ix":2},"a":{"a":0,"k":[344,178,0],"ix":1},"s":{"a":0,"k":[100,100,100],"ix":6}},"ao":0,"shapes":[{"ty":"gr","it":[{"ind":0,"ty":"sh","ix":1,"ks":{"a":0,"k":{"i":[[0,0],[0,0],[0,0],[0,0],[0,0]],"o":[[0,0],[0,0],[0,0],[0,0],[0,0]],"v":[[-9.017,0],[-3.005,6.012],[9.018,0],[9.018,-6.012],[-3.005,-6.012]],"c":true},"ix":2},"nm":"Path 1","mn":"ADBE Vector Shape - Group","hd":false},{"ty":"fl","c":{"a":0,"k":[0.486000001197,0.169000004787,0.289999988032,1],"ix":4},"o":{"a":0,"k":100,"ix":5},"r":1,"nm":"Fill 1","mn":"ADBE Vector Graphic - Fill","hd":false},{"ty":"tr","p":{"a":0,"k":[619.428,342.325],"ix":2},"a":{"a":0,"k":[0,0],"ix":1},"s":{"a":0,"k":[100,100],"ix":3},"r":{"a":0,"k":0,"ix":6},"o":{"a":0,"k":100,"ix":7},"sk":{"a":0,"k":0,"ix":4},"sa":{"a":0,"k":0,"ix":5},"nm":"Transform"}],"nm":"Group 1","np":2,"cix":2,"ix":1,"mn":"ADBE Vector Group","hd":false},{"ty":"gr","it":[{"ind":0,"ty":"sh","ix":1,"ks":{"a":0,"k":{"i":[[-0.077,-3.534],[2.857,-0.366],[0.467,0.255],[4.87,2.606],[5.727,1.016],[8.727,0.152],[7.28,-2.006],[5.513,-2.323],[-7.12,27.454],[-7.697,7.683],[-18.903,-0.879],[-13.664,-28.063],[-1.122,-6.93],[-0.979,-8.441],[-0.158,-9.478]],"o":[[0.163,7.437],[-0.535,0.069],[-4.941,-2.698],[-5.104,-2.731],[-8.563,-1.564],[-7.532,-0.131],[-5.584,2.094],[3.127,-28.189],[2.726,-10.509],[6.817,-6.805],[33.07,1.539],[3.101,6.369],[1.36,8.393],[1.093,9.421],[0.018,1.053]],"v":[[50.441,50.999],[47.513,68.825],[45.997,68.374],[32.691,59.274],[16.021,54.075],[-10.021,51.388],[-33.981,52.959],[-50.603,59.537],[-35.203,-24.07],[-24.334,-52.615],[-0.417,-67.576],[36.546,-40.831],[44.582,-10.144],[48.178,15.101],[50.179,43.463]],"c":true},"ix":2},"nm":"Path 1","mn":"ADBE Vector Shape - Group","hd":false},{"ty":"fl","c":{"a":0,"k":[1,0.654999976065,0,1],"ix":4},"o":{"a":0,"k":100,"ix":5},"r":1,"nm":"Fill 1","mn":"ADBE Vector Graphic - Fill","hd":false},{"ty":"tr","p":{"a":0,"k":[606.483,123.884],"ix":2},"a":{"a":0,"k":[0,0],"ix":1},"s":{"a":0,"k":[100,100],"ix":3},"r":{"a":0,"k":0,"ix":6},"o":{"a":0,"k":100,"ix":7},"sk":{"a":0,"k":0,"ix":4},"sa":{"a":0,"k":0,"ix":5},"nm":"Transform"}],"nm":"Group 2","np":2,"cix":2,"ix":2,"mn":"ADBE Vector Group","hd":false},{"ty":"gr","it":[{"ind":0,"ty":"sh","ix":1,"ks":{"a":0,"k":{"i":[[0,0],[0,0],[0,0],[0,0],[0,0],[0,0]],"o":[[0,0],[0,0],[0,0],[0,0],[0,0],[0,0]],"v":[[15.516,-33.81],[5.932,2.943],[-28.959,-4.23],[-20.651,33.81],[22.548,25.138],[28.959,-33.717]],"c":true},"ix":2},"nm":"Path 1","mn":"ADBE Vector Shape - Group","hd":false},{"ty":"fl","c":{"a":0,"k":[1,0.654999976065,0,1],"ix":4},"o":{"a":0,"k":100,"ix":5},"r":1,"nm":"Fill 1","mn":"ADBE Vector Graphic - Fill","hd":false},{"ty":"tr","p":{"a":0,"k":[656.963,62.455],"ix":2},"a":{"a":0,"k":[0,0],"ix":1},"s":{"a":0,"k":[100,100],"ix":3},"r":{"a":0,"k":0,"ix":6},"o":{"a":0,"k":100,"ix":7},"sk":{"a":0,"k":0,"ix":4},"sa":{"a":0,"k":0,"ix":5},"nm":"Transform"}],"nm":"Group 3","np":2,"cix":2,"ix":3,"mn":"ADBE Vector Group","hd":false},{"ty":"gr","it":[{"ind":0,"ty":"sh","ix":1,"ks":{"a":0,"k":{"i":[[0,0],[0,0],[0,0],[0,0],[0,0],[0,0],[0,0],[0,0],[0,0],[0,0],[0,0],[0,0]],"o":[[0,0],[0,0],[0,0],[0,0],[0,0],[0,0],[0,0],[0,0],[0,0],[0,0],[0,0],[0,0]],"v":[[-6.469,9.204],[-4.213,3.068],[-6.715,-2.127],[-5.884,-3.216],[-4.501,-2.247],[-5.344,-7.153],[-3.331,-10.655],[2.019,-11.186],[6.715,-8.22],[6.679,-2.853],[3.447,2.652],[0.723,11.186]],"c":true},"ix":2},"nm":"Path 1","mn":"ADBE Vector Shape - Group","hd":false},{"ty":"fl","c":{"a":0,"k":[0.917999985639,0.804000016755,0.689999988032,1],"ix":4},"o":{"a":0,"k":100,"ix":5},"r":1,"nm":"Fill 1","mn":"ADBE Vector Graphic - Fill","hd":false},{"ty":"tr","p":{"a":0,"k":[680.44,23.899],"ix":2},"a":{"a":0,"k":[0,0],"ix":1},"s":{"a":0,"k":[100,100],"ix":3},"r":{"a":0,"k":0,"ix":6},"o":{"a":0,"k":100,"ix":7},"sk":{"a":0,"k":0,"ix":4},"sa":{"a":0,"k":0,"ix":5},"nm":"Transform"}],"nm":"Group 4","np":2,"cix":2,"ix":4,"mn":"ADBE Vector Group","hd":false},{"ty":"gr","it":[{"ind":0,"ty":"sh","ix":1,"ks":{"a":0,"k":{"i":[[0,0],[0,0],[0,0],[0,0],[0,0],[0,0]],"o":[[0,0],[0,0],[0,0],[0,0],[0,0],[0,0]],"v":[[-20.217,-33.785],[-14.603,6.9],[32.525,-2.937],[15.674,33.785],[-31.058,28.934],[-32.525,-30.747]],"c":true},"ix":2},"nm":"Path 1","mn":"ADBE Vector Shape - Group","hd":false},{"ty":"fl","c":{"a":0,"k":[1,0.654999976065,0,1],"ix":4},"o":{"a":0,"k":100,"ix":5},"r":1,"nm":"Fill 1","mn":"ADBE Vector Graphic - Fill","hd":false},{"ty":"tr","p":{"a":0,"k":[572.073,59.619],"ix":2},"a":{"a":0,"k":[0,0],"ix":1},"s":{"a":0,"k":[100,100],"ix":3},"r":{"a":0,"k":0,"ix":6},"o":{"a":0,"k":100,"ix":7},"sk":{"a":0,"k":0,"ix":4},"sa":{"a":0,"k":0,"ix":5},"nm":"Transform"}],"nm":"Group 5","np":2,"cix":2,"ix":5,"mn":"ADBE Vector Group","hd":false},{"ty":"gr","it":[{"ind":0,"ty":"sh","ix":1,"ks":{"a":0,"k":{"i":[[0,0],[0,0],[0,0],[0,0],[0,0],[0,0],[0,0],[0,0],[0,0],[0,0],[0,0],[0,0]],"o":[[0,0],[0,0],[0,0],[0,0],[0,0],[0,0],[0,0],[0,0],[0,0],[0,0],[0,0],[0,0]],"v":[[5.208,9.89],[3.592,3.594],[6.588,-1.293],[5.875,-2.453],[4.41,-1.633],[5.735,-6.401],[4.095,-10.068],[-1.143,-11.129],[-6.085,-8.667],[-6.588,-3.354],[-3.943,2.415],[-2.105,11.129]],"c":true},"ix":2},"nm":"Path 1","mn":"ADBE Vector Shape - Group","hd":false},{"ty":"fl","c":{"a":0,"k":[0.917999985639,0.804000016755,0.689999988032,1],"ix":4},"o":{"a":0,"k":100,"ix":5},"r":1,"nm":"Fill 1","mn":"ADBE Vector Graphic - Fill","hd":false},{"ty":"tr","p":{"a":0,"k":[544.176,22.655],"ix":2},"a":{"a":0,"k":[0,0],"ix":1},"s":{"a":0,"k":[100,100],"ix":3},"r":{"a":0,"k":0,"ix":6},"o":{"a":0,"k":100,"ix":7},"sk":{"a":0,"k":0,"ix":4},"sa":{"a":0,"k":0,"ix":5},"nm":"Transform"}],"nm":"Group 6","np":2,"cix":2,"ix":6,"mn":"ADBE Vector Group","hd":false},{"ty":"gr","it":[{"ind":0,"ty":"sh","ix":1,"ks":{"a":0,"k":{"i":[[2.443,3.698],[0.795,0.91],[1.409,2.206],[-1.515,2.135],[-1.601,0.536],[-5.441,-1.173],[-5.097,2.121],[-5.143,-1.624],[-5.073,-2.584],[-1.365,-1.947],[4.183,-7.096],[1.202,-1.403],[3.526,-1.173],[2.545,2.523],[4.783,-1.199],[5.184,-0.988],[3.262,1.821]],"o":[[-0.669,-1.013],[-1.723,-1.971],[-1.409,-2.206],[0.977,-1.377],[5.279,-1.767],[5.183,1.118],[4.79,-1.992],[5.564,1.758],[2.119,1.079],[4.728,6.745],[-0.938,1.592],[-2.488,2.906],[-0.203,-3.186],[-4.039,-4.004],[-5.218,1.308],[-3.731,0.711],[-4.025,-2.25]],"v":[[-30.089,-2.988],[-32.27,-5.886],[-37.497,-11.729],[-37.97,-19.11],[-33.75,-21.755],[-17.275,-22.667],[-2.32,-21.675],[11.147,-21.434],[29.175,-16.902],[34.382,-12.132],[35.303,11.236],[32.024,15.697],[23.039,23.361],[22.825,7.49],[5.269,6.455],[-9.683,12.647],[-21.531,9.873]],"c":true},"ix":2},"nm":"Path 1","mn":"ADBE Vector Shape - Group","hd":false},{"ty":"fl","c":{"a":0,"k":[0.226999993418,0.187999994615,0.161000001197,1],"ix":4},"o":{"a":0,"k":100,"ix":5},"r":1,"nm":"Fill 1","mn":"ADBE Vector Graphic - Fill","hd":false},{"ty":"tr","p":{"a":0,"k":[597.474,23.361],"ix":2},"a":{"a":0,"k":[0,0],"ix":1},"s":{"a":0,"k":[100,100],"ix":3},"r":{"a":0,"k":0,"ix":6},"o":{"a":0,"k":100,"ix":7},"sk":{"a":0,"k":0,"ix":4},"sa":{"a":0,"k":0,"ix":5},"nm":"Transform"}],"nm":"Group 7","np":4,"cix":2,"ix":7,"mn":"ADBE Vector Group","hd":false},{"ty":"gr","it":[{"ind":0,"ty":"sh","ix":1,"ks":{"a":0,"k":{"i":[[-1.256,-2.347],[-3.648,0.497],[0.539,2.886],[-0.414,3.209],[0.21,0.997],[0.87,4.123],[0.826,1.201],[2.534,0.344],[4.828,-4.393],[0.524,-1.656],[-0.775,-2.564],[-0.716,-2.367],[-2.685,-0.933],[-1.303,-0.763]],"o":[[3.647,-0.498],[-0.073,-2.935],[3.012,-1.185],[0.131,-1.012],[-0.87,-4.124],[-0.301,-1.426],[-1.449,-2.107],[-6.467,-0.879],[-1.285,1.169],[-0.809,2.553],[0.715,2.366],[0.823,2.721],[1.426,0.495],[2.297,1.345]],"v":[[-0.463,20.023],[10.479,18.531],[9.56,9.781],[16.452,3.648],[16.161,0.618],[13.551,-11.751],[12.106,-15.846],[5.43,-19.145],[-12.816,-13.98],[-15.774,-9.765],[-15.031,-1.893],[-12.885,5.206],[-8.22,11.946],[-3.837,12.983]],"c":true},"ix":2},"nm":"Path 1","mn":"ADBE Vector Shape - Group","hd":false},{"ty":"fl","c":{"a":0,"k":[0.917999985639,0.804000016755,0.689999988032,1],"ix":4},"o":{"a":0,"k":100,"ix":5},"r":1,"nm":"Fill 1","mn":"ADBE Vector Graphic - Fill","hd":false},{"ty":"tr","p":{"a":0,"k":[606.46,40.369],"ix":2},"a":{"a":0,"k":[0,0],"ix":1},"s":{"a":0,"k":[100,100],"ix":3},"r":{"a":0,"k":0,"ix":6},"o":{"a":0,"k":100,"ix":7},"sk":{"a":0,"k":0,"ix":4},"sa":{"a":0,"k":0,"ix":5},"nm":"Transform"}],"nm":"Group 8","np":2,"cix":2,"ix":8,"mn":"ADBE Vector Group","hd":false},{"ty":"gr","it":[{"ind":0,"ty":"sh","ix":1,"ks":{"a":0,"k":{"i":[[0,0],[0,0],[0,0],[0,0],[0,0],[0,0],[0,0],[0,0]],"o":[[0,0],[0,0],[0,0],[0,0],[0,0],[0,0],[0,0],[0,0]],"v":[[28.908,-87.139],[28.908,-68.881],[4.564,10.235],[10.65,92.394],[-1.274,94.779],[-28.908,-4.98],[-27.977,-34.524],[-16.736,-94.779]],"c":true},"ix":2},"nm":"Path 1","mn":"ADBE Vector Shape - Group","hd":false},{"ty":"fl","c":{"a":0,"k":[0.113999998803,0.141000007181,0.26699999641,1],"ix":4},"o":{"a":0,"k":100,"ix":5},"r":1,"nm":"Fill 1","mn":"ADBE Vector Graphic - Fill","hd":false},{"ty":"tr","p":{"a":0,"k":[588.217,235.97],"ix":2},"a":{"a":0,"k":[0,0],"ix":1},"s":{"a":0,"k":[100,100],"ix":3},"r":{"a":0,"k":0,"ix":6},"o":{"a":0,"k":100,"ix":7},"sk":{"a":0,"k":0,"ix":4},"sa":{"a":0,"k":0,"ix":5},"nm":"Transform"}],"nm":"Group 9","np":2,"cix":2,"ix":9,"mn":"ADBE Vector Group","hd":false},{"ty":"gr","it":[{"ind":0,"ty":"sh","ix":1,"ks":{"a":0,"k":{"i":[[0,0],[0,0],[0,0],[0,0],[0,0]],"o":[[0,0],[0,0],[0,0],[0,0],[0,0]],"v":[[-28.908,-76.074],[-4.447,91.288],[6.671,91.288],[13.693,0.001],[28.908,-91.288]],"c":true},"ix":2},"nm":"Path 1","mn":"ADBE Vector Shape - Group","hd":false},{"ty":"fl","c":{"a":0,"k":[0.113999998803,0.141000007181,0.26699999641,1],"ix":4},"o":{"a":0,"k":100,"ix":5},"r":1,"nm":"Fill 1","mn":"ADBE Vector Graphic - Fill","hd":false},{"ty":"tr","p":{"a":0,"k":[621.69,246.205],"ix":2},"a":{"a":0,"k":[0,0],"ix":1},"s":{"a":0,"k":[100,100],"ix":3},"r":{"a":0,"k":0,"ix":6},"o":{"a":0,"k":100,"ix":7},"sk":{"a":0,"k":0,"ix":4},"sa":{"a":0,"k":0,"ix":5},"nm":"Transform"}],"nm":"Group 10","np":2,"cix":2,"ix":10,"mn":"ADBE Vector Group","hd":false},{"ty":"gr","it":[{"ind":0,"ty":"sh","ix":1,"ks":{"a":0,"k":{"i":[[0,0],[0,0],[0,0],[0,0],[0,0],[0,0]],"o":[[0,0],[0,0],[0,0],[0,0],[0,0],[0,0]],"v":[[9.018,-3.005],[9.018,3.007],[-3.005,9.018],[-9.018,3.007],[-3.005,-3.005],[9.018,-9.017]],"c":true},"ix":2},"nm":"Path 1","mn":"ADBE Vector Shape - Group","hd":false},{"ty":"fl","c":{"a":0,"k":[0.630999995213,0.4,0.322000002394,1],"ix":4},"o":{"a":0,"k":100,"ix":5},"r":1,"nm":"Fill 1","mn":"ADBE Vector Graphic - Fill","hd":false},{"ty":"tr","p":{"a":0,"k":[589.37,333.307],"ix":2},"a":{"a":0,"k":[0,0],"ix":1},"s":{"a":0,"k":[100,100],"ix":3},"r":{"a":0,"k":0,"ix":6},"o":{"a":0,"k":100,"ix":7},"sk":{"a":0,"k":0,"ix":4},"sa":{"a":0,"k":0,"ix":5},"nm":"Transform"}],"nm":"Group 11","np":2,"cix":2,"ix":11,"mn":"ADBE Vector Group","hd":false},{"ty":"gr","it":[{"ind":0,"ty":"sh","ix":1,"ks":{"a":0,"k":{"i":[[0,0],[0,0],[0,0],[0,0],[0,0],[0,0],[0,0]],"o":[[0,0],[0,0],[0,0],[0,0],[0,0],[0,0],[0,0]],"v":[[-18.162,25.47],[3.847,31.423],[34.977,-26.296],[25.254,-31.423],[-4.977,-0.001],[-18.765,-13.803],[-34.977,7.471]],"c":true},"ix":2},"nm":"Path 1","mn":"ADBE Vector Shape - Group","hd":false},{"ty":"fl","c":{"a":0,"k":[0.925,0.144999994016,0.043000000598,1],"ix":4},"o":{"a":0,"k":100,"ix":5},"r":1,"nm":"Fill 1","mn":"ADBE Vector Graphic - Fill","hd":false},{"ty":"tr","p":{"a":0,"k":[80.321,111.245],"ix":2},"a":{"a":0,"k":[0,0],"ix":1},"s":{"a":0,"k":[100,100],"ix":3},"r":{"a":0,"k":0,"ix":6},"o":{"a":0,"k":100,"ix":7},"sk":{"a":0,"k":0,"ix":4},"sa":{"a":0,"k":0,"ix":5},"nm":"Transform"}],"nm":"Group 12","np":2,"cix":2,"ix":12,"mn":"ADBE Vector Group","hd":false},{"ty":"gr","it":[{"ind":0,"ty":"sh","ix":1,"ks":{"a":0,"k":{"i":[[-2.254,5.159],[0.025,0.094],[0.123,0.048],[1.085,0.423],[0.163,-0.03],[0.128,-0.139],[0.748,-1.103],[1.129,0.214],[1.684,-4.631],[-1.884,-0.005],[-0.217,0.112],[-0.146,0.248]],"o":[[0.04,-0.088],[-0.035,-0.128],[-1.085,-0.423],[-0.154,-0.06],[-0.186,0.034],[-0.905,0.98],[-1.059,-0.445],[-1.684,4.631],[1.884,0.005],[0.244,0],[0.256,-0.132],[2.713,-4.624]],"v":[[7.592,-6.288],[7.648,-6.567],[7.351,-6.808],[4.097,-8.076],[3.615,-8.167],[3.157,-7.848],[0.673,-4.719],[-2.621,-5.712],[-7.673,8.182],[-2.022,8.197],[-1.305,8.083],[-0.745,7.442]],"c":true},"ix":2},"nm":"Path 1","mn":"ADBE Vector Shape - Group","hd":false},{"ty":"fl","c":{"a":0,"k":[0.925,0.144999994016,0.043000000598,1],"ix":4},"o":{"a":0,"k":100,"ix":5},"r":1,"nm":"Fill 1","mn":"ADBE Vector Graphic - Fill","hd":false},{"ty":"tr","p":{"a":0,"k":[111.327,81.522],"ix":2},"a":{"a":0,"k":[0,0],"ix":1},"s":{"a":0,"k":[100,100],"ix":3},"r":{"a":0,"k":0,"ix":6},"o":{"a":0,"k":100,"ix":7},"sk":{"a":0,"k":0,"ix":4},"sa":{"a":0,"k":0,"ix":5},"nm":"Transform"}],"nm":"Group 13","np":2,"cix":2,"ix":13,"mn":"ADBE Vector Group","hd":false},{"ty":"gr","it":[{"ind":0,"ty":"sh","ix":1,"ks":{"a":0,"k":{"i":[[5.177,-11.893],[5.226,-4.877],[12.508,-11.672],[0.682,-0.283],[1.24,0.275],[13.118,2.906],[-7.656,13.401],[-9.066,6.46],[-11.163,-3.157]],"o":[[-2.853,6.554],[-12.508,11.671],[-0.54,0.504],[-1.172,0.489],[-13.119,-2.906],[5.94,-14.245],[5.523,-9.666],[9.017,-6.426],[13.637,3.858]],"v":[[45.335,-7.75],[31.89,8.752],[-5.634,43.767],[-7.411,45.068],[-11.156,45.014],[-50.512,36.296],[-30.091,-5.227],[-9.313,-31.026],[31.317,-42.4]],"c":true},"ix":2},"nm":"Path 1","mn":"ADBE Vector Shape - Group","hd":false},{"ty":"fl","c":{"a":0,"k":[0.987999949736,0.791999966491,0.349000010771,1],"ix":4},"o":{"a":0,"k":100,"ix":5},"r":1,"nm":"Fill 1","mn":"ADBE Vector Graphic - Fill","hd":false},{"ty":"tr","p":{"a":0,"k":[50.512,70.417],"ix":2},"a":{"a":0,"k":[0,0],"ix":1},"s":{"a":0,"k":[100,100],"ix":3},"r":{"a":0,"k":0,"ix":6},"o":{"a":0,"k":100,"ix":7},"sk":{"a":0,"k":0,"ix":4},"sa":{"a":0,"k":0,"ix":5},"nm":"Transform"}],"nm":"Group 14","np":2,"cix":2,"ix":14,"mn":"ADBE Vector Group","hd":false},{"ty":"gr","it":[{"ind":0,"ty":"sh","ix":1,"ks":{"a":0,"k":{"i":[[-0.304,-0.285],[-1.769,-4.028],[-9.026,-25.647],[-4.484,-12.869],[-0.632,0.076],[42.66,4.382],[0.279,3.865],[-2.291,19.119],[-4.933,13.51],[-10.997,5.367],[-5.769,-3.499]],"o":[[3.562,3.339],[10.959,24.894],[4.524,12.854],[0.825,2.367],[-42.699,5.12],[-4.935,-0.517],[-1.384,-19.18],[1.71,-14.268],[3.879,-10.62],[5.893,-2.876],[0.326,0.198]],"v":[[1.845,-84.795],[9.24,-68.557],[38.625,7.526],[52.06,46.138],[62.611,76.876],[-55.623,84.639],[-61.026,50.101],[-60.32,-7.529],[-50.562,-49.447],[-29.67,-84.373],[0.901,-85.522]],"c":true},"ix":2},"nm":"Path 1","mn":"ADBE Vector Shape - Group","hd":false},{"ty":"fl","c":{"a":0,"k":[0.925,0.144999994016,0.043000000598,1],"ix":4},"o":{"a":0,"k":100,"ix":5},"r":1,"nm":"Fill 1","mn":"ADBE Vector Graphic - Fill","hd":false},{"ty":"tr","p":{"a":0,"k":[74.658,167.545],"ix":2},"a":{"a":0,"k":[0,0],"ix":1},"s":{"a":0,"k":[100,100],"ix":3},"r":{"a":0,"k":0,"ix":6},"o":{"a":0,"k":100,"ix":7},"sk":{"a":0,"k":0,"ix":4},"sa":{"a":0,"k":0,"ix":5},"nm":"Transform"}],"nm":"Group 15","np":2,"cix":2,"ix":15,"mn":"ADBE Vector Group","hd":false},{"ty":"gr","it":[{"ind":0,"ty":"sh","ix":1,"ks":{"a":0,"k":{"i":[[0,0],[0,0],[0,0],[0,0],[0,0],[0,0],[0,0]],"o":[[0,0],[0,0],[0,0],[0,0],[0,0],[0,0],[0,0]],"v":[[-25.942,16.953],[-5.981,27.973],[37.991,-20.68],[29.767,-27.973],[-7.074,-4.648],[-17.181,-21.336],[-37.991,-4.531]],"c":true},"ix":2},"nm":"Path 1","mn":"ADBE Vector Shape - Group","hd":false},{"ty":"fl","c":{"a":0,"k":[0.925,0.144999994016,0.043000000598,1],"ix":4},"o":{"a":0,"k":100,"ix":5},"r":1,"nm":"Fill 1","mn":"ADBE Vector Graphic - Fill","hd":false},{"ty":"tr","p":{"a":0,"k":[105.303,128.52],"ix":2},"a":{"a":0,"k":[0,0],"ix":1},"s":{"a":0,"k":[100,100],"ix":3},"r":{"a":0,"k":0,"ix":6},"o":{"a":0,"k":100,"ix":7},"sk":{"a":0,"k":0,"ix":4},"sa":{"a":0,"k":0,"ix":5},"nm":"Transform"}],"nm":"Group 16","np":2,"cix":2,"ix":16,"mn":"ADBE Vector Group","hd":false},{"ty":"gr","it":[{"ind":0,"ty":"sh","ix":1,"ks":{"a":0,"k":{"i":[[-3.417,4.474],[0.002,0.097],[0.109,0.076],[0.953,0.669],[0.165,0.009],[0.158,-0.105],[0.99,-0.893],[1.046,0.477],[2.738,-4.097],[-1.829,-0.453],[-0.237,0.057],[-0.201,0.207]],"o":[[0.06,-0.076],[-0.002,-0.132],[-0.952,-0.669],[-0.136,-0.095],[-0.189,-0.011],[-1.112,0.736],[-0.923,-0.684],[-2.737,4.097],[1.828,0.453],[0.237,0.059],[0.28,-0.068],[3.735,-3.845]],"v":[[9.074,-4.558],[9.194,-4.816],[8.963,-5.119],[6.105,-7.126],[5.659,-7.329],[5.138,-7.128],[1.98,-4.68],[-0.983,-6.428],[-9.196,5.863],[-3.711,7.223],[-2.988,7.283],[-2.291,6.794]],"c":true},"ix":2},"nm":"Path 1","mn":"ADBE Vector Shape - Group","hd":false},{"ty":"fl","c":{"a":0,"k":[0.925,0.144999994016,0.043000000598,1],"ix":4},"o":{"a":0,"k":100,"ix":5},"r":1,"nm":"Fill 1","mn":"ADBE Vector Graphic - Fill","hd":false},{"ty":"tr","p":{"a":0,"k":[140.048,103.825],"ix":2},"a":{"a":0,"k":[0,0],"ix":1},"s":{"a":0,"k":[100,100],"ix":3},"r":{"a":0,"k":0,"ix":6},"o":{"a":0,"k":100,"ix":7},"sk":{"a":0,"k":0,"ix":4},"sa":{"a":0,"k":0,"ix":5},"nm":"Transform"}],"nm":"Group 17","np":2,"cix":2,"ix":17,"mn":"ADBE Vector Group","hd":false},{"ty":"gr","it":[{"ind":0,"ty":"sh","ix":1,"ks":{"a":0,"k":{"i":[[0,0],[0,0],[0,0],[0,0],[0,0],[0,0],[0,0]],"o":[[0,0],[0,0],[0,0],[0,0],[0,0],[0,0],[0,0]],"v":[[-11.857,-65.283],[-16.266,-1.68],[-31.242,61.355],[-25.505,65.283],[-20.208,64.258],[7.101,3.507],[31.242,-57.002]],"c":true},"ix":2},"nm":"Path 1","mn":"ADBE Vector Shape - Group","hd":false},{"ty":"fl","c":{"a":0,"k":[0.113999998803,0.141000007181,0.26699999641,1],"ix":4},"o":{"a":0,"k":100,"ix":5},"r":1,"nm":"Fill 1","mn":"ADBE Vector Graphic - Fill","hd":false},{"ty":"tr","p":{"a":0,"k":[45.582,286.223],"ix":2},"a":{"a":0,"k":[0,0],"ix":1},"s":{"a":0,"k":[100,100],"ix":3},"r":{"a":0,"k":0,"ix":6},"o":{"a":0,"k":100,"ix":7},"sk":{"a":0,"k":0,"ix":4},"sa":{"a":0,"k":0,"ix":5},"nm":"Transform"}],"nm":"Group 18","np":2,"cix":2,"ix":18,"mn":"ADBE Vector Group","hd":false},{"ty":"gr","it":[{"ind":0,"ty":"sh","ix":1,"ks":{"a":0,"k":{"i":[[-0.537,1.166],[-0.535,0.585],[-1.694,1.271],[-1.589,-0.694],[-2.464,-1.076],[-0.074,-0.099],[0.225,-0.247],[2.144,-2.349],[0.556,-0.205],[0.664,0.169],[2.145,1.653]],"o":[[0.221,-0.481],[1.424,-1.558],[1.528,-1.148],[2.464,1.076],[0.114,0.049],[0.201,0.267],[-2.145,2.348],[-0.4,0.437],[-0.644,0.237],[-2.622,-0.671],[-1.465,-1.129]],"v":[[-9.177,0.137],[-8.039,-1.447],[-3.417,-6.019],[1.814,-5.48],[9.206,-2.253],[9.513,-2.051],[9.254,-1.17],[2.821,5.876],[1.444,6.971],[-0.58,6.905],[-7.842,3.375]],"c":true},"ix":2},"nm":"Path 1","mn":"ADBE Vector Shape - Group","hd":false},{"ty":"fl","c":{"a":0,"k":[0.152999997606,0.144999994016,0.144999994016,1],"ix":4},"o":{"a":0,"k":100,"ix":5},"r":1,"nm":"Fill 1","mn":"ADBE Vector Graphic - Fill","hd":false},{"ty":"tr","p":{"a":0,"k":[22.942,348.059],"ix":2},"a":{"a":0,"k":[0,0],"ix":1},"s":{"a":0,"k":[100,100],"ix":3},"r":{"a":0,"k":0,"ix":6},"o":{"a":0,"k":100,"ix":7},"sk":{"a":0,"k":0,"ix":4},"sa":{"a":0,"k":0,"ix":5},"nm":"Transform"}],"nm":"Group 19","np":2,"cix":2,"ix":19,"mn":"ADBE Vector Group","hd":false},{"ty":"gr","it":[{"ind":0,"ty":"sh","ix":1,"ks":{"a":0,"k":{"i":[[0,0],[0,0],[0,0],[0,0],[0,0],[0,0],[0,0]],"o":[[0,0],[0,0],[0,0],[0,0],[0,0],[0,0],[0,0]],"v":[[-21.854,-62.644],[-5.753,0.688],[-5.462,64.416],[1.137,66.604],[5.945,64.155],[15.388,-1.78],[21.854,-66.604]],"c":true},"ix":2},"nm":"Path 1","mn":"ADBE Vector Shape - Group","hd":false},{"ty":"fl","c":{"a":0,"k":[0.113999998803,0.141000007181,0.26699999641,1],"ix":4},"o":{"a":0,"k":100,"ix":5},"r":1,"nm":"Fill 1","mn":"ADBE Vector Graphic - Fill","hd":false},{"ty":"tr","p":{"a":0,"k":[82.459,288.302],"ix":2},"a":{"a":0,"k":[0,0],"ix":1},"s":{"a":0,"k":[100,100],"ix":3},"r":{"a":0,"k":0,"ix":6},"o":{"a":0,"k":100,"ix":7},"sk":{"a":0,"k":0,"ix":4},"sa":{"a":0,"k":0,"ix":5},"nm":"Transform"}],"nm":"Group 20","np":2,"cix":2,"ix":20,"mn":"ADBE Vector Group","hd":false},{"ty":"gr","it":[{"ind":0,"ty":"sh","ix":1,"ks":{"a":0,"k":{"i":[[-0.194,1.269],[-0.352,0.71],[-1.277,1.691],[-1.719,-0.227],[-2.665,-0.352],[-0.099,-0.075],[0.149,-0.299],[1.411,-2.85],[0.477,-0.351],[0.686,-0.02],[2.518,0.995]],"o":[[0.08,-0.523],[0.938,-1.891],[1.151,-1.526],[2.666,0.352],[0.123,0.016],[0.267,0.201],[-1.411,2.85],[-0.263,0.531],[-0.553,0.406],[-2.705,0.081],[-1.72,-0.68]],"v":[[-8.715,2.45],[-8.06,0.613],[-4.882,-5.059],[0.294,-5.987],[8.29,-4.931],[8.641,-4.821],[8.635,-3.903],[4.402,4.647],[3.383,6.08],[1.419,6.576],[-6.536,5.193]],"c":true},"ix":2},"nm":"Path 1","mn":"ADBE Vector Shape - Group","hd":false},{"ty":"fl","c":{"a":0,"k":[0.152999997606,0.144999994016,0.144999994016,1],"ix":4},"o":{"a":0,"k":100,"ix":5},"r":1,"nm":"Fill 1","mn":"ADBE Vector Graphic - Fill","hd":false},{"ty":"tr","p":{"a":0,"k":[85.33,348.641],"ix":2},"a":{"a":0,"k":[0,0],"ix":1},"s":{"a":0,"k":[100,100],"ix":3},"r":{"a":0,"k":0,"ix":6},"o":{"a":0,"k":100,"ix":7},"sk":{"a":0,"k":0,"ix":4},"sa":{"a":0,"k":0,"ix":5},"nm":"Transform"}],"nm":"Group 21","np":2,"cix":2,"ix":21,"mn":"ADBE Vector Group","hd":false}],"ip":0,"op":120,"st":0,"bm":0},{"ddd":0,"ind":4,"ty":4,"nm":"MY LOCATION Outlines","sr":1,"ks":{"o":{"a":0,"k":100,"ix":11},"r":{"a":0,"k":0,"ix":10},"p":{"a":0,"k":[408,252,0],"ix":2},"a":{"a":0,"k":[0,0,0],"ix":1},"s":{"a":0,"k":[100,100,100],"ix":6}},"ao":0,"shapes":[{"ty":"gr","it":[{"ind":0,"ty":"sh","ix":1,"ks":{"a":0,"k":{"i":[[0,0],[0,0],[0,0],[0,0],[0,0],[0,0],[0,0],[0,0],[0,0],[0,0],[0.325,-1.042],[0.625,1.888],[0,0],[0,0],[0,0]],"o":[[0,0],[0,0],[0,0],[0,0],[0,0],[0,0],[0,0],[0,0],[0,0],[-0.69,2.018],[-0.287,-0.938],[0,0],[0,0],[0,0],[0,0]],"v":[[6.621,0],[6.621,-24.375],[14.902,0],[18.32,0],[26.641,-23.965],[26.641,0],[30.293,0],[30.293,-28.633],[25.195,-28.633],[18.34,-8.711],[16.816,-4.121],[15.449,-8.359],[8.672,-28.633],[2.969,-28.633],[2.969,0]],"c":true},"ix":2},"nm":"M","mn":"ADBE Vector Shape - Group","hd":false},{"ty":"fl","c":{"a":0,"k":[0.635294117647,0.540622845818,0.540622845818,1],"ix":4},"o":{"a":0,"k":100,"ix":5},"r":1,"nm":"Fill 1","mn":"ADBE Vector Graphic - Fill","hd":false},{"ty":"tr","p":{"a":0,"k":[0,0],"ix":2},"a":{"a":0,"k":[0,0],"ix":1},"s":{"a":0,"k":[100,100],"ix":3},"r":{"a":0,"k":0,"ix":6},"o":{"a":0,"k":100,"ix":7},"sk":{"a":0,"k":0,"ix":4},"sa":{"a":0,"k":0,"ix":5},"nm":"Transform"}],"nm":"M","np":2,"cix":2,"ix":1,"mn":"ADBE Vector Group","hd":false},{"ty":"gr","it":[{"ind":0,"ty":"sh","ix":1,"ks":{"a":0,"k":{"i":[[0,0],[0,0],[0,0],[0,0],[0,0],[0.859,-1.497],[1.042,1.615],[0,0],[0,0],[0,0],[0,0]],"o":[[0,0],[0,0],[0,0],[0,0],[-1.224,1.875],[-0.898,-1.614],[0,0],[0,0],[0,0],[0,0],[0,0]],"v":[[48.262,0],[48.262,-12.129],[59.688,-28.633],[55.273,-28.633],[49.727,-20.215],[46.602,-15.156],[43.691,-20],[38.047,-28.633],[33.438,-28.633],[44.473,-12.129],[44.473,0]],"c":true},"ix":2},"nm":"Y","mn":"ADBE Vector Shape - Group","hd":false},{"ty":"fl","c":{"a":0,"k":[0.635294117647,0.540622845818,0.540622845818,1],"ix":4},"o":{"a":0,"k":100,"ix":5},"r":1,"nm":"Fill 1","mn":"ADBE Vector Graphic - Fill","hd":false},{"ty":"tr","p":{"a":0,"k":[0,0],"ix":2},"a":{"a":0,"k":[0,0],"ix":1},"s":{"a":0,"k":[100,100],"ix":3},"r":{"a":0,"k":0,"ix":6},"o":{"a":0,"k":100,"ix":7},"sk":{"a":0,"k":0,"ix":4},"sa":{"a":0,"k":0,"ix":5},"nm":"Transform"}],"nm":"Y","np":2,"cix":2,"ix":2,"mn":"ADBE Vector Group","hd":false},{"ty":"gr","it":[{"ind":0,"ty":"sh","ix":1,"ks":{"a":0,"k":{"i":[[0,0],[0,0],[0,0],[0,0],[0,0],[0,0]],"o":[[0,0],[0,0],[0,0],[0,0],[0,0],[0,0]],"v":[[91.211,0],[91.211,-3.379],[77.109,-3.379],[77.109,-28.633],[73.32,-28.633],[73.32,0]],"c":true},"ix":2},"nm":"L","mn":"ADBE Vector Shape - Group","hd":false},{"ty":"fl","c":{"a":0,"k":[0.635294117647,0.540622845818,0.540622845818,1],"ix":4},"o":{"a":0,"k":100,"ix":5},"r":1,"nm":"Fill 1","mn":"ADBE Vector Graphic - Fill","hd":false},{"ty":"tr","p":{"a":0,"k":[0,0],"ix":2},"a":{"a":0,"k":[0,0],"ix":1},"s":{"a":0,"k":[100,100],"ix":3},"r":{"a":0,"k":0,"ix":6},"o":{"a":0,"k":100,"ix":7},"sk":{"a":0,"k":0,"ix":4},"sa":{"a":0,"k":0,"ix":5},"nm":"Transform"}],"nm":"L","np":2,"cix":2,"ix":3,"mn":"ADBE Vector Group","hd":false},{"ty":"gr","it":[{"ind":0,"ty":"sh","ix":1,"ks":{"a":0,"k":{"i":[[-1.094,-2.253],[-2.122,-1.302],[-2.695,0],[-2.148,1.179],[-1.172,2.292],[0,2.904],[1.113,2.259],[2.122,1.263],[2.643,0],[2.552,-2.689],[0,-4.753]],"o":[[1.094,2.253],[2.122,1.302],[2.487,0],[2.148,-1.178],[1.172,-2.292],[0,-2.864],[-1.113,-2.259],[-2.122,-1.263],[-4.037,0],[-2.552,2.689],[0,2.513]],"v":[[96.211,-6.797],[101.035,-1.465],[108.262,0.488],[115.215,-1.279],[120.195,-6.484],[121.953,-14.277],[120.283,-21.963],[115.43,-27.246],[108.281,-29.141],[98.398,-25.107],[94.57,-13.945]],"c":true},"ix":2},"nm":"O","mn":"ADBE Vector Shape - Group","hd":false},{"ind":1,"ty":"sh","ix":2,"ks":{"a":0,"k":{"i":[[-1.934,1.843],[-2.682,0],[-1.517,-0.957],[-0.788,-1.738],[0,-2.331],[1.842,-2.005],[2.852,0],[1.855,1.986],[0,3.451]],"o":[[1.934,-1.842],[1.888,0],[1.517,0.957],[0.788,1.738],[0,3.685],[-1.843,2.005],[-2.8,0],[-1.855,-1.985],[0,-4.31]],"v":[[101.377,-23.115],[108.301,-25.879],[113.408,-24.443],[116.865,-20.4],[118.047,-14.297],[115.283,-5.762],[108.242,-2.754],[101.26,-5.732],[98.477,-13.887]],"c":true},"ix":2},"nm":"O","mn":"ADBE Vector Shape - Group","hd":false},{"ty":"fl","c":{"a":0,"k":[0.635294117647,0.540622845818,0.540622845818,1],"ix":4},"o":{"a":0,"k":100,"ix":5},"r":1,"nm":"Fill 1","mn":"ADBE Vector Graphic - Fill","hd":false},{"ty":"tr","p":{"a":0,"k":[0,0],"ix":2},"a":{"a":0,"k":[0,0],"ix":1},"s":{"a":0,"k":[100,100],"ix":3},"r":{"a":0,"k":0,"ix":6},"o":{"a":0,"k":100,"ix":7},"sk":{"a":0,"k":0,"ix":4},"sa":{"a":0,"k":0,"ix":5},"nm":"Transform"}],"nm":"O","np":3,"cix":2,"ix":4,"mn":"ADBE Vector Group","hd":false},{"ty":"gr","it":[{"ind":0,"ty":"sh","ix":1,"ks":{"a":0,"k":{"i":[[1.471,-1.224],[2.122,0],[1.497,0.898],[0.71,1.816],[0,2.435],[-0.599,1.777],[-1.478,1.055],[-2.201,0],[-1.263,-0.95],[-0.664,-2.083],[0,0],[1.953,1.458],[2.864,0],[2.103,-1.152],[1.139,-2.22],[0,-2.982],[-1.009,-2.383],[-1.934,-1.256],[-3.086,0],[-2.064,1.634],[-0.794,3.112],[0,0]],"o":[[-1.472,1.224],[-1.745,0],[-1.497,-0.898],[-0.71,-1.816],[0,-1.888],[0.599,-1.777],[1.478,-1.055],[1.914,0],[1.263,0.951],[0,0],[-0.768,-2.643],[-1.953,-1.458],[-2.526,0],[-2.103,1.152],[-1.14,2.22],[0,2.734],[1.009,2.383],[1.934,1.257],[2.982,0],[2.064,-1.634],[0,0],[-0.521,2.409]],"v":[[144.277,-4.59],[138.887,-2.754],[134.023,-4.102],[130.713,-8.174],[129.648,-14.551],[130.547,-20.049],[133.662,-24.297],[139.18,-25.879],[143.945,-24.453],[146.836,-19.902],[150.566,-20.781],[146.484,-26.934],[139.258,-29.121],[132.314,-27.393],[127.451,-22.334],[125.742,-14.531],[127.256,-6.855],[131.67,-1.396],[139.199,0.488],[146.768,-1.963],[151.055,-9.082],[147.266,-10.039]],"c":true},"ix":2},"nm":"C","mn":"ADBE Vector Shape - Group","hd":false},{"ty":"fl","c":{"a":0,"k":[0.635294117647,0.540622845818,0.540622845818,1],"ix":4},"o":{"a":0,"k":100,"ix":5},"r":1,"nm":"Fill 1","mn":"ADBE Vector Graphic - Fill","hd":false},{"ty":"tr","p":{"a":0,"k":[0,0],"ix":2},"a":{"a":0,"k":[0,0],"ix":1},"s":{"a":0,"k":[100,100],"ix":3},"r":{"a":0,"k":0,"ix":6},"o":{"a":0,"k":100,"ix":7},"sk":{"a":0,"k":0,"ix":4},"sa":{"a":0,"k":0,"ix":5},"nm":"Transform"}],"nm":"C","np":2,"cix":2,"ix":5,"mn":"ADBE Vector Group","hd":false},{"ty":"gr","it":[{"ind":0,"ty":"sh","ix":1,"ks":{"a":0,"k":{"i":[[0,0],[0,0],[0,0],[0,0],[0,0],[0,0],[0,0],[0,0]],"o":[[0,0],[0,0],[0,0],[0,0],[0,0],[0,0],[0,0],[0,0]],"v":[[156.602,0],[159.746,-8.672],[171.719,-8.672],[175.059,0],[179.375,0],[167.656,-28.633],[163.574,-28.633],[152.578,0]],"c":true},"ix":2},"nm":"A","mn":"ADBE Vector Shape - Group","hd":false},{"ind":1,"ty":"sh","ix":2,"ks":{"a":0,"k":{"i":[[0,0],[-0.365,1.836],[-0.912,-2.409],[0,0],[0,0]],"o":[[0.664,-1.81],[0.443,1.55],[0,0],[0,0],[0,0]],"v":[[163.984,-20.156],[165.527,-25.625],[167.559,-19.688],[170.547,-11.758],[160.84,-11.758]],"c":true},"ix":2},"nm":"A","mn":"ADBE Vector Shape - Group","hd":false},{"ty":"fl","c":{"a":0,"k":[0.635294117647,0.540622845818,0.540622845818,1],"ix":4},"o":{"a":0,"k":100,"ix":5},"r":1,"nm":"Fill 1","mn":"ADBE Vector Graphic - Fill","hd":false},{"ty":"tr","p":{"a":0,"k":[0,0],"ix":2},"a":{"a":0,"k":[0,0],"ix":1},"s":{"a":0,"k":[100,100],"ix":3},"r":{"a":0,"k":0,"ix":6},"o":{"a":0,"k":100,"ix":7},"sk":{"a":0,"k":0,"ix":4},"sa":{"a":0,"k":0,"ix":5},"nm":"Transform"}],"nm":"A","np":3,"cix":2,"ix":6,"mn":"ADBE Vector Group","hd":false},{"ty":"gr","it":[{"ind":0,"ty":"sh","ix":1,"ks":{"a":0,"k":{"i":[[0,0],[0,0],[0,0],[0,0],[0,0],[0,0],[0,0],[0,0]],"o":[[0,0],[0,0],[0,0],[0,0],[0,0],[0,0],[0,0],[0,0]],"v":[[190.508,0],[190.508,-25.254],[199.98,-25.254],[199.98,-28.633],[177.285,-28.633],[177.285,-25.254],[186.719,-25.254],[186.719,0]],"c":true},"ix":2},"nm":"T","mn":"ADBE Vector Shape - Group","hd":false},{"ty":"fl","c":{"a":0,"k":[0.635294117647,0.540622845818,0.540622845818,1],"ix":4},"o":{"a":0,"k":100,"ix":5},"r":1,"nm":"Fill 1","mn":"ADBE Vector Graphic - Fill","hd":false},{"ty":"tr","p":{"a":0,"k":[0,0],"ix":2},"a":{"a":0,"k":[0,0],"ix":1},"s":{"a":0,"k":[100,100],"ix":3},"r":{"a":0,"k":0,"ix":6},"o":{"a":0,"k":100,"ix":7},"sk":{"a":0,"k":0,"ix":4},"sa":{"a":0,"k":0,"ix":5},"nm":"Transform"}],"nm":"T","np":2,"cix":2,"ix":7,"mn":"ADBE Vector Group","hd":false},{"ty":"gr","it":[{"ind":0,"ty":"sh","ix":1,"ks":{"a":0,"k":{"i":[[0,0],[0,0],[0,0],[0,0]],"o":[[0,0],[0,0],[0,0],[0,0]],"v":[[208.301,0],[208.301,-28.633],[204.512,-28.633],[204.512,0]],"c":true},"ix":2},"nm":"I","mn":"ADBE Vector Shape - Group","hd":false},{"ty":"fl","c":{"a":0,"k":[0.635294117647,0.540622845818,0.540622845818,1],"ix":4},"o":{"a":0,"k":100,"ix":5},"r":1,"nm":"Fill 1","mn":"ADBE Vector Graphic - Fill","hd":false},{"ty":"tr","p":{"a":0,"k":[0,0],"ix":2},"a":{"a":0,"k":[0,0],"ix":1},"s":{"a":0,"k":[100,100],"ix":3},"r":{"a":0,"k":0,"ix":6},"o":{"a":0,"k":100,"ix":7},"sk":{"a":0,"k":0,"ix":4},"sa":{"a":0,"k":0,"ix":5},"nm":"Transform"}],"nm":"I","np":2,"cix":2,"ix":8,"mn":"ADBE Vector Group","hd":false},{"ty":"gr","it":[{"ind":0,"ty":"sh","ix":1,"ks":{"a":0,"k":{"i":[[-1.094,-2.253],[-2.122,-1.302],[-2.695,0],[-2.148,1.179],[-1.172,2.292],[0,2.904],[1.113,2.259],[2.122,1.263],[2.643,0],[2.552,-2.689],[0,-4.753]],"o":[[1.094,2.253],[2.122,1.302],[2.487,0],[2.148,-1.178],[1.172,-2.292],[0,-2.864],[-1.113,-2.259],[-2.122,-1.263],[-4.037,0],[-2.552,2.689],[0,2.513]],"v":[[215.469,-6.797],[220.293,-1.465],[227.52,0.488],[234.473,-1.279],[239.453,-6.484],[241.211,-14.277],[239.541,-21.963],[234.688,-27.246],[227.539,-29.141],[217.656,-25.107],[213.828,-13.945]],"c":true},"ix":2},"nm":"O","mn":"ADBE Vector Shape - Group","hd":false},{"ind":1,"ty":"sh","ix":2,"ks":{"a":0,"k":{"i":[[-1.934,1.843],[-2.682,0],[-1.517,-0.957],[-0.788,-1.738],[0,-2.331],[1.842,-2.005],[2.852,0],[1.855,1.986],[0,3.451]],"o":[[1.934,-1.842],[1.888,0],[1.517,0.957],[0.788,1.738],[0,3.685],[-1.843,2.005],[-2.8,0],[-1.855,-1.985],[0,-4.31]],"v":[[220.635,-23.115],[227.559,-25.879],[232.666,-24.443],[236.123,-20.4],[237.305,-14.297],[234.541,-5.762],[227.5,-2.754],[220.518,-5.732],[217.734,-13.887]],"c":true},"ix":2},"nm":"O","mn":"ADBE Vector Shape - Group","hd":false},{"ty":"fl","c":{"a":0,"k":[0.635294117647,0.540622845818,0.540622845818,1],"ix":4},"o":{"a":0,"k":100,"ix":5},"r":1,"nm":"Fill 1","mn":"ADBE Vector Graphic - Fill","hd":false},{"ty":"tr","p":{"a":0,"k":[0,0],"ix":2},"a":{"a":0,"k":[0,0],"ix":1},"s":{"a":0,"k":[100,100],"ix":3},"r":{"a":0,"k":0,"ix":6},"o":{"a":0,"k":100,"ix":7},"sk":{"a":0,"k":0,"ix":4},"sa":{"a":0,"k":0,"ix":5},"nm":"Transform"}],"nm":"O","np":3,"cix":2,"ix":9,"mn":"ADBE Vector Group","hd":false},{"ty":"gr","it":[{"ind":0,"ty":"sh","ix":1,"ks":{"a":0,"k":{"i":[[0,0],[0,0],[0,0],[0,0],[0,0],[0,0],[0,0],[0,0],[0,0],[0,0]],"o":[[0,0],[0,0],[0,0],[0,0],[0,0],[0,0],[0,0],[0,0],[0,0],[0,0]],"v":[[249.688,0],[249.688,-22.5],[264.727,0],[268.613,0],[268.613,-28.633],[264.98,-28.633],[264.98,-6.152],[249.941,-28.633],[246.055,-28.633],[246.055,0]],"c":true},"ix":2},"nm":"N","mn":"ADBE Vector Shape - Group","hd":false},{"ty":"fl","c":{"a":0,"k":[0.635294117647,0.540622845818,0.540622845818,1],"ix":4},"o":{"a":0,"k":100,"ix":5},"r":1,"nm":"Fill 1","mn":"ADBE Vector Graphic - Fill","hd":false},{"ty":"tr","p":{"a":0,"k":[0,0],"ix":2},"a":{"a":0,"k":[0,0],"ix":1},"s":{"a":0,"k":[100,100],"ix":3},"r":{"a":0,"k":0,"ix":6},"o":{"a":0,"k":100,"ix":7},"sk":{"a":0,"k":0,"ix":4},"sa":{"a":0,"k":0,"ix":5},"nm":"Transform"}],"nm":"N","np":2,"cix":2,"ix":10,"mn":"ADBE Vector Group","hd":false}],"ip":0,"op":120,"st":0,"bm":0},{"ddd":0,"ind":5,"ty":4,"nm":"map Outlines","sr":1,"ks":{"o":{"a":0,"k":100,"ix":11},"r":{"a":0,"k":0,"ix":10},"p":{"a":0,"k":[416,384.5,0],"ix":2},"a":{"a":0,"k":[410.5,260,0],"ix":1},"s":{"a":0,"k":[100,100,100],"ix":6}},"ao":0,"shapes":[{"ty":"gr","it":[{"ind":0,"ty":"sh","ix":1,"ks":{"a":0,"k":{"i":[[0,0],[0,0],[0,0],[0,0]],"o":[[0,0],[0,0],[0,0],[0,0]],"v":[[-201.012,41.053],[201.011,41.053],[201.011,-41.053],[-201.012,-41.053]],"c":true},"ix":2},"nm":"Path 1","mn":"ADBE Vector Shape - Group","hd":false},{"ty":"fl","c":{"a":0,"k":[1,0.984000052658,0.961000031116,1],"ix":4},"o":{"a":0,"k":100,"ix":5},"r":1,"nm":"Fill 1","mn":"ADBE Vector Graphic - Fill","hd":false},{"ty":"tr","p":{"a":0,"k":[551.75,112.415],"ix":2},"a":{"a":0,"k":[0,0],"ix":1},"s":{"a":0,"k":[100,100],"ix":3},"r":{"a":0,"k":0,"ix":6},"o":{"a":0,"k":100,"ix":7},"sk":{"a":0,"k":0,"ix":4},"sa":{"a":0,"k":0,"ix":5},"nm":"Transform"}],"nm":"Group 1","np":2,"cix":2,"ix":1,"mn":"ADBE Vector Group","hd":false},{"ty":"gr","it":[{"ind":0,"ty":"sh","ix":1,"ks":{"a":0,"k":{"i":[[0,0],[0,0],[0,0],[0,0]],"o":[[0,0],[0,0],[0,0],[0,0]],"v":[[-201.011,41.053],[201.012,41.053],[201.012,-41.053],[-201.011,-41.053]],"c":true},"ix":2},"nm":"Path 1","mn":"ADBE Vector Shape - Group","hd":false},{"ty":"fl","c":{"a":0,"k":[0,0,0,1],"ix":4},"o":{"a":0,"k":100,"ix":5},"r":1,"nm":"Fill 1","mn":"ADBE Vector Graphic - Fill","hd":false},{"ty":"tr","p":{"a":0,"k":[561.073,123.69],"ix":2},"a":{"a":0,"k":[0,0],"ix":1},"s":{"a":0,"k":[100,100],"ix":3},"r":{"a":0,"k":0,"ix":6},"o":{"a":0,"k":25,"ix":7},"sk":{"a":0,"k":0,"ix":4},"sa":{"a":0,"k":0,"ix":5},"nm":"Transform"}],"nm":"Group 2","np":2,"cix":2,"ix":2,"mn":"ADBE Vector Group","hd":false},{"ty":"gr","it":[{"ind":0,"ty":"sh","ix":1,"ks":{"a":0,"k":{"i":[[0,0],[0,0],[0,0],[0,0]],"o":[[0,0],[0,0],[0,0],[0,0]],"v":[[129.943,-139.955],[-54.609,179.698],[-77.806,166.305],[106.745,-153.348]],"c":true},"ix":2},"nm":"Path 1","mn":"ADBE Vector Shape - Group","hd":false},{"ty":"fl","c":{"a":0,"k":[0.948999980852,0.823999980852,0.388000009574,1],"ix":4},"o":{"a":0,"k":100,"ix":5},"r":1,"nm":"Fill 1","mn":"ADBE Vector Graphic - Fill","hd":false},{"ty":"tr","p":{"a":0,"k":[452.698,261.775],"ix":2},"a":{"a":0,"k":[0,0],"ix":1},"s":{"a":0,"k":[100,100],"ix":3},"r":{"a":0,"k":0,"ix":6},"o":{"a":0,"k":100,"ix":7},"sk":{"a":0,"k":0,"ix":4},"sa":{"a":0,"k":0,"ix":5},"nm":"Transform"}],"nm":"Group 3","np":2,"cix":2,"ix":3,"mn":"ADBE Vector Group","hd":false},{"ty":"gr","it":[{"ind":0,"ty":"sh","ix":1,"ks":{"a":0,"k":{"i":[[0,0],[0,0],[0,0],[0,0]],"o":[[0,0],[0,0],[0,0],[0,0]],"v":[[-43.355,-27.877],[30.775,-6.812],[11.693,27.877],[-41.004,23.906]],"c":true},"ix":2},"nm":"Path 1","mn":"ADBE Vector Shape - Group","hd":false},{"ty":"fl","c":{"a":0,"k":[0.957000014361,0.922000002394,0.882000014361,1],"ix":4},"o":{"a":0,"k":100,"ix":5},"r":1,"nm":"Fill 1","mn":"ADBE Vector Graphic - Fill","hd":false},{"ty":"tr","p":{"a":0,"k":[304.628,113.19],"ix":2},"a":{"a":0,"k":[0,0],"ix":1},"s":{"a":0,"k":[100,100],"ix":3},"r":{"a":0,"k":0,"ix":6},"o":{"a":0,"k":100,"ix":7},"sk":{"a":0,"k":0,"ix":4},"sa":{"a":0,"k":0,"ix":5},"nm":"Transform"}],"nm":"Group 4","np":2,"cix":2,"ix":4,"mn":"ADBE Vector Group","hd":false},{"ty":"gr","it":[{"ind":0,"ty":"sh","ix":1,"ks":{"a":0,"k":{"i":[[0,0],[0,0],[0,0],[0,0]],"o":[[0,0],[0,0],[0,0],[0,0]],"v":[[-64.163,-8.797],[72.531,22.467],[72.531,6.835],[-64.163,-22.467]],"c":true},"ix":2},"nm":"Path 1","mn":"ADBE Vector Shape - Group","hd":false},{"ty":"fl","c":{"a":0,"k":[1,1,1,1],"ix":4},"o":{"a":0,"k":100,"ix":5},"r":1,"nm":"Fill 1","mn":"ADBE Vector Graphic - Fill","hd":false},{"ty":"tr","p":{"a":0,"k":[466.341,148.53],"ix":2},"a":{"a":0,"k":[0,0],"ix":1},"s":{"a":0,"k":[100,100],"ix":3},"r":{"a":0,"k":0,"ix":6},"o":{"a":0,"k":100,"ix":7},"sk":{"a":0,"k":0,"ix":4},"sa":{"a":0,"k":0,"ix":5},"nm":"Transform"}],"nm":"Group 5","np":2,"cix":2,"ix":5,"mn":"ADBE Vector Group","hd":false},{"ty":"gr","it":[{"ind":0,"ty":"sh","ix":1,"ks":{"a":0,"k":{"i":[[0,0],[0,0],[0,0],[0,0],[0,0],[0,0],[0,0]],"o":[[0,0],[0,0],[0,0],[0,0],[0,0],[0,0],[0,0]],"v":[[-52.231,-7.203],[-71.426,46.697],[71.426,102.068],[71.411,92.059],[-56.863,41.361],[8.45,-98.732],[0,-102.068]],"c":true},"ix":2},"nm":"Path 1","mn":"ADBE Vector Shape - Group","hd":false},{"ty":"fl","c":{"a":0,"k":[1,1,1,1],"ix":4},"o":{"a":0,"k":100,"ix":5},"r":1,"nm":"Fill 1","mn":"ADBE Vector Graphic - Fill","hd":false},{"ty":"tr","p":{"a":0,"k":[459.042,287.831],"ix":2},"a":{"a":0,"k":[0,0],"ix":1},"s":{"a":0,"k":[100,100],"ix":3},"r":{"a":0,"k":0,"ix":6},"o":{"a":0,"k":100,"ix":7},"sk":{"a":0,"k":0,"ix":4},"sa":{"a":0,"k":0,"ix":5},"nm":"Transform"}],"nm":"Group 6","np":2,"cix":2,"ix":6,"mn":"ADBE Vector Group","hd":false},{"ty":"gr","it":[{"ind":0,"ty":"sh","ix":1,"ks":{"a":0,"k":{"i":[[0,0],[0,0],[0,0],[0,0]],"o":[[0,0],[0,0],[0,0],[0,0]],"v":[[-84.148,-43.598],[88.485,30.004],[88.369,43.598],[-88.484,-33.538]],"c":true},"ix":2},"nm":"Path 1","mn":"ADBE Vector Shape - Group","hd":false},{"ty":"fl","c":{"a":0,"k":[1,1,1,1],"ix":4},"o":{"a":0,"k":100,"ix":5},"r":1,"nm":"Fill 1","mn":"ADBE Vector Graphic - Fill","hd":false},{"ty":"tr","p":{"a":0,"k":[442.02,290.931],"ix":2},"a":{"a":0,"k":[0,0],"ix":1},"s":{"a":0,"k":[100,100],"ix":3},"r":{"a":0,"k":0,"ix":6},"o":{"a":0,"k":100,"ix":7},"sk":{"a":0,"k":0,"ix":4},"sa":{"a":0,"k":0,"ix":5},"nm":"Transform"}],"nm":"Group 7","np":2,"cix":2,"ix":7,"mn":"ADBE Vector Group","hd":false},{"ty":"gr","it":[{"ind":0,"ty":"sh","ix":1,"ks":{"a":0,"k":{"i":[[0,0],[0,0],[0,0],[0,0]],"o":[[0,0],[0,0],[0,0],[0,0]],"v":[[-9.541,17.959],[0.869,-33.716],[9.541,-33.259],[-1.587,23.798]],"c":true},"ix":2},"nm":"Path 1","mn":"ADBE Vector Shape - Group","hd":false},{"ty":"fl","c":{"a":0,"k":[1,1,1,1],"ix":4},"o":{"a":0,"k":100,"ix":5},"r":1,"nm":"Fill 1","mn":"ADBE Vector Graphic - Fill","hd":false},{"ty":"tr","p":{"a":0,"k":[378.075,49.366],"ix":2},"a":{"a":0,"k":[0,0],"ix":1},"s":{"a":0,"k":[100,100],"ix":3},"r":{"a":0,"k":0,"ix":6},"o":{"a":0,"k":100,"ix":7},"sk":{"a":0,"k":0,"ix":4},"sa":{"a":0,"k":0,"ix":5},"nm":"Transform"}],"nm":"Group 8","np":2,"cix":2,"ix":8,"mn":"ADBE Vector Group","hd":false},{"ty":"gr","it":[{"ind":0,"ty":"sh","ix":1,"ks":{"a":0,"k":{"i":[[0,0],[0,0],[0,0],[0,0]],"o":[[0,0],[0,0],[0,0],[0,0]],"v":[[-9.541,14.124],[0.869,-17.723],[9.541,-17.441],[-1.587,17.723]],"c":true},"ix":2},"nm":"Path 1","mn":"ADBE Vector Shape - Group","hd":false},{"ty":"fl","c":{"a":0,"k":[1,1,1,1],"ix":4},"o":{"a":0,"k":100,"ix":5},"r":1,"nm":"Fill 1","mn":"ADBE Vector Graphic - Fill","hd":false},{"ty":"tr","p":{"a":0,"k":[325.862,43.291],"ix":2},"a":{"a":0,"k":[0,0],"ix":1},"s":{"a":0,"k":[100,100],"ix":3},"r":{"a":0,"k":0,"ix":6},"o":{"a":0,"k":100,"ix":7},"sk":{"a":0,"k":0,"ix":4},"sa":{"a":0,"k":0,"ix":5},"nm":"Transform"}],"nm":"Group 9","np":2,"cix":2,"ix":9,"mn":"ADBE Vector Group","hd":false},{"ty":"gr","it":[{"ind":0,"ty":"sh","ix":1,"ks":{"a":0,"k":{"i":[[0,0],[0,0],[0,0],[0,0]],"o":[[0,0],[0,0],[0,0],[0,0]],"v":[[-18.679,28.25],[4.669,-29.872],[18.679,-29.872],[-8.851,29.872]],"c":true},"ix":2},"nm":"Path 1","mn":"ADBE Vector Shape - Group","hd":false},{"ty":"fl","c":{"a":0,"k":[1,1,1,1],"ix":4},"o":{"a":0,"k":100,"ix":5},"r":1,"nm":"Fill 1","mn":"ADBE Vector Graphic - Fill","hd":false},{"ty":"tr","p":{"a":0,"k":[494.176,55.441],"ix":2},"a":{"a":0,"k":[0,0],"ix":1},"s":{"a":0,"k":[100,100],"ix":3},"r":{"a":0,"k":0,"ix":6},"o":{"a":0,"k":100,"ix":7},"sk":{"a":0,"k":0,"ix":4},"sa":{"a":0,"k":0,"ix":5},"nm":"Transform"}],"nm":"Group 10","np":2,"cix":2,"ix":10,"mn":"ADBE Vector Group","hd":false},{"ty":"gr","it":[{"ind":0,"ty":"sh","ix":1,"ks":{"a":0,"k":{"i":[[0,0],[0,0],[0,0],[0,0]],"o":[[0,0],[0,0],[0,0],[0,0]],"v":[[-23.779,-1.93],[20.565,12.263],[23.779,4.768],[-19.964,-12.263]],"c":true},"ix":2},"nm":"Path 1","mn":"ADBE Vector Shape - Group","hd":false},{"ty":"fl","c":{"a":0,"k":[1,1,1,1],"ix":4},"o":{"a":0,"k":100,"ix":5},"r":1,"nm":"Fill 1","mn":"ADBE Vector Graphic - Fill","hd":false},{"ty":"tr","p":{"a":0,"k":[324.275,239.396],"ix":2},"a":{"a":0,"k":[0,0],"ix":1},"s":{"a":0,"k":[100,100],"ix":3},"r":{"a":0,"k":0,"ix":6},"o":{"a":0,"k":100,"ix":7},"sk":{"a":0,"k":0,"ix":4},"sa":{"a":0,"k":0,"ix":5},"nm":"Transform"}],"nm":"Group 11","np":2,"cix":2,"ix":11,"mn":"ADBE Vector Group","hd":false},{"ty":"gr","it":[{"ind":0,"ty":"sh","ix":1,"ks":{"a":0,"k":{"i":[[0,0],[0,0],[0,0],[0,0]],"o":[[0,0],[0,0],[0,0],[0,0]],"v":[[18.434,-71.048],[-26.44,53.702],[-26.031,71.048],[26.439,-71.048]],"c":true},"ix":2},"nm":"Path 1","mn":"ADBE Vector Shape - Group","hd":false},{"ty":"fl","c":{"a":0,"k":[1,1,1,1],"ix":4},"o":{"a":0,"k":100,"ix":5},"r":1,"nm":"Fill 1","mn":"ADBE Vector Graphic - Fill","hd":false},{"ty":"tr","p":{"a":0,"k":[300.291,237.465],"ix":2},"a":{"a":0,"k":[0,0],"ix":1},"s":{"a":0,"k":[100,100],"ix":3},"r":{"a":0,"k":0,"ix":6},"o":{"a":0,"k":100,"ix":7},"sk":{"a":0,"k":0,"ix":4},"sa":{"a":0,"k":0,"ix":5},"nm":"Transform"}],"nm":"Group 12","np":2,"cix":2,"ix":12,"mn":"ADBE Vector Group","hd":false},{"ty":"gr","it":[{"ind":0,"ty":"sh","ix":1,"ks":{"a":0,"k":{"i":[[-12.354,-4.59],[-5.22,-8.594],[3.873,-11.084],[7.734,-3.112],[7.466,2.862],[16.681,6.395],[1.812,1.623],[0.726,4.091],[-18.668,4.164],[-7.855,-2.919]],"o":[[9.425,3.502],[6.096,10.034],[-2.751,7.87],[-7.418,2.985],[-16.682,-6.395],[-2.272,-0.871],[-3.095,-2.772],[-2.399,-13.521],[8.814,-1.966],[12.354,4.591]],"v":[[13.624,-8.13],[38.39,8.023],[38.046,42.071],[23.527,61.466],[0.292,58.718],[-49.753,39.534],[-56.164,36.136],[-61.044,24.927],[-51.909,-29.699],[-23.439,-21.9]],"c":true},"ix":2},"nm":"Path 1","mn":"ADBE Vector Shape - Group","hd":false},{"ty":"fl","c":{"a":0,"k":[0.651000019148,0.791999966491,0.635000011968,1],"ix":4},"o":{"a":0,"k":100,"ix":5},"r":1,"nm":"Fill 1","mn":"ADBE Vector Graphic - Fill","hd":false},{"ty":"tr","p":{"a":0,"k":[318.338,383.458],"ix":2},"a":{"a":0,"k":[0,0],"ix":1},"s":{"a":0,"k":[100,100],"ix":3},"r":{"a":0,"k":0,"ix":6},"o":{"a":0,"k":100,"ix":7},"sk":{"a":0,"k":0,"ix":4},"sa":{"a":0,"k":0,"ix":5},"nm":"Transform"}],"nm":"Group 13","np":2,"cix":2,"ix":13,"mn":"ADBE Vector Group","hd":false},{"ty":"gr","it":[{"ind":0,"ty":"sh","ix":1,"ks":{"a":0,"k":{"i":[[0,0],[0,0],[0,0],[0,0]],"o":[[0,0],[0,0],[0,0],[0,0]],"v":[[71.381,-192.751],[-85.39,172.826],[-77.385,179.497],[85.39,-198.088]],"c":true},"ix":2},"nm":"Path 1","mn":"ADBE Vector Shape - Group","hd":false},{"ty":"fl","c":{"a":0,"k":[1,1,1,1],"ix":4},"o":{"a":0,"k":100,"ix":5},"r":1,"nm":"Fill 1","mn":"ADBE Vector Graphic - Fill","hd":false},{"ty":"tr","p":{"a":0,"k":[376.097,205.065],"ix":2},"a":{"a":0,"k":[0,0],"ix":1},"s":{"a":0,"k":[100,100],"ix":3},"r":{"a":0,"k":0,"ix":6},"o":{"a":0,"k":100,"ix":7},"sk":{"a":0,"k":0,"ix":4},"sa":{"a":0,"k":0,"ix":5},"nm":"Transform"}],"nm":"Group 14","np":2,"cix":2,"ix":14,"mn":"ADBE Vector Group","hd":false},{"ty":"gr","it":[{"ind":0,"ty":"sh","ix":1,"ks":{"a":0,"k":{"i":[[0,0],[0.158,-2.652],[0,0],[0,0]],"o":[[-0.174,2.65],[0,0],[0,0],[0,0]],"v":[[-148.187,-28.447],[-148.685,-20.493],[147.791,28.447],[149.082,20.625]],"c":true},"ix":2},"nm":"Path 1","mn":"ADBE Vector Shape - Group","hd":false},{"ty":"fl","c":{"a":0,"k":[1,1,1,1],"ix":4},"o":{"a":0,"k":100,"ix":5},"r":1,"nm":"Fill 1","mn":"ADBE Vector Graphic - Fill","hd":false},{"ty":"tr","p":{"a":0,"k":[402.178,177.972],"ix":2},"a":{"a":0,"k":[0,0],"ix":1},"s":{"a":0,"k":[100,100],"ix":3},"r":{"a":0,"k":0,"ix":6},"o":{"a":0,"k":100,"ix":7},"sk":{"a":0,"k":0,"ix":4},"sa":{"a":0,"k":0,"ix":5},"nm":"Transform"}],"nm":"Group 15","np":2,"cix":2,"ix":15,"mn":"ADBE Vector Group","hd":false},{"ty":"gr","it":[{"ind":0,"ty":"sh","ix":1,"ks":{"a":0,"k":{"i":[[0,0],[-0.33,-5.403],[0,0],[0,0]],"o":[[0.121,5.39],[0,0],[0,0],[0,0]],"v":[[-145.899,-32.702],[-145.152,-16.508],[152.96,32.702],[155.542,17.059]],"c":true},"ix":2},"nm":"Path 1","mn":"ADBE Vector Shape - Group","hd":false},{"ty":"fl","c":{"a":0,"k":[1,1,1,1],"ix":4},"o":{"a":0,"k":100,"ix":5},"r":1,"nm":"Fill 1","mn":"ADBE Vector Graphic - Fill","hd":false},{"ty":"tr","p":{"a":0,"k":[402.178,80.206],"ix":2},"a":{"a":0,"k":[0,0],"ix":1},"s":{"a":0,"k":[100,100],"ix":3},"r":{"a":0,"k":0,"ix":6},"o":{"a":0,"k":100,"ix":7},"sk":{"a":0,"k":0,"ix":4},"sa":{"a":0,"k":0,"ix":5},"nm":"Transform"}],"nm":"Group 16","np":2,"cix":2,"ix":16,"mn":"ADBE Vector Group","hd":false},{"ty":"gr","it":[{"ind":0,"ty":"sh","ix":1,"ks":{"a":0,"k":{"i":[[0,0],[0,0],[0,0],[0,0]],"o":[[0,0],[0,0],[0,0],[0,0]],"v":[[-74.28,-58.12],[72.799,-34.104],[33.977,58.12],[-85.38,38.418]],"c":true},"ix":2},"nm":"Path 1","mn":"ADBE Vector Shape - Group","hd":false},{"ty":"fl","c":{"a":0,"k":[0.651000019148,0.791999966491,0.635000011968,1],"ix":4},"o":{"a":0,"k":100,"ix":5},"r":1,"nm":"Fill 1","mn":"ADBE Vector Graphic - Fill","hd":false},{"ty":"tr","p":{"a":0,"k":[346.651,119.134],"ix":2},"a":{"a":0,"k":[0,0],"ix":1},"s":{"a":0,"k":[100,100],"ix":3},"r":{"a":0,"k":0,"ix":6},"o":{"a":0,"k":100,"ix":7},"sk":{"a":0,"k":0,"ix":4},"sa":{"a":0,"k":0,"ix":5},"nm":"Transform"}],"nm":"Group 18","np":2,"cix":2,"ix":17,"mn":"ADBE Vector Group","hd":false},{"ty":"gr","it":[{"ind":0,"ty":"sh","ix":1,"ks":{"a":0,"k":{"i":[[0,0],[0,0],[0,0],[0,0]],"o":[[0,0],[0,0],[0,0],[0,0]],"v":[[127.763,-194.777],[-128.326,-194.406],[-127.763,194.777],[128.326,194.406]],"c":true},"ix":2},"nm":"Path 1","mn":"ADBE Vector Shape - Group","hd":false},{"ty":"fl","c":{"a":0,"k":[0.957000014361,0.922000002394,0.882000014361,1],"ix":4},"o":{"a":0,"k":100,"ix":5},"r":1,"nm":"Fill 1","mn":"ADBE Vector Graphic - Fill","hd":false},{"ty":"tr","p":{"a":0,"k":[402.178,220.346],"ix":2},"a":{"a":0,"k":[0,0],"ix":1},"s":{"a":0,"k":[100,100],"ix":3},"r":{"a":0,"k":0,"ix":6},"o":{"a":0,"k":100,"ix":7},"sk":{"a":0,"k":0,"ix":4},"sa":{"a":0,"k":0,"ix":5},"nm":"Transform"}],"nm":"Group 19","np":2,"cix":2,"ix":18,"mn":"ADBE Vector Group","hd":false},{"ty":"gr","it":[{"ind":0,"ty":"sh","ix":1,"ks":{"a":0,"k":{"i":[[5.721,-0.008],[0,0],[0.008,5.72],[0,0],[-5.721,0.008],[0,0],[-0.008,-5.72],[0,0]],"o":[[0,0],[-5.721,0.008],[0,0],[-0.009,-5.721],[0,0],[5.721,-0.008],[0,0],[0.008,5.721]],"v":[[133.089,227.661],[-132.428,228.046],[-142.801,217.703],[-143.431,-217.295],[-133.088,-227.668],[132.429,-228.053],[142.802,-217.71],[143.432,217.288]],"c":true},"ix":2},"nm":"Path 1","mn":"ADBE Vector Shape - Group","hd":false},{"ty":"fl","c":{"a":0,"k":[0.2,0.298000021542,0.375999989229,1],"ix":4},"o":{"a":0,"k":100,"ix":5},"r":1,"nm":"Fill 1","mn":"ADBE Vector Graphic - Fill","hd":false},{"ty":"tr","p":{"a":0,"k":[402.486,228.054],"ix":2},"a":{"a":0,"k":[0,0],"ix":1},"s":{"a":0,"k":[100,100],"ix":3},"r":{"a":0,"k":0,"ix":6},"o":{"a":0,"k":100,"ix":7},"sk":{"a":0,"k":0,"ix":4},"sa":{"a":0,"k":0,"ix":5},"nm":"Transform"}],"nm":"Group 22","np":2,"cix":2,"ix":19,"mn":"ADBE Vector Group","hd":false},{"ty":"gr","it":[{"ind":0,"ty":"sh","ix":1,"ks":{"a":0,"k":{"i":[[21.102,0],[0,0],[0,-13.498],[-12.099,-4.141],[0,0],[0,-13.499],[-21.102,0],[0,0],[0,-6.044],[0,0],[-21.102,0],[0,0],[0,13.498],[0,0],[21.102,0],[0,0],[-3.708,3.453],[3.179,7.629],[8.18,1.474],[0,0],[0,13.499]],"o":[[0,0],[-21.102,0],[0,9.348],[0,0],[-21.102,0],[0,13.499],[0,0],[-5.717,4.289],[0,0],[0,13.498],[0,0],[21.102,0],[0,0],[0,-13.499],[0,0],[3.404,0],[6.501,-6.055],[-2.061,-4.946],[0,0],[21.102,0],[0,-13.498]],"v":[[371.938,-72.764],[-295.202,-72.764],[-333.569,-48.221],[-313.189,-26.565],[-371.937,-26.565],[-410.304,-2.021],[-371.937,22.522],[-351.466,22.522],[-360.652,38.403],[-360.652,48.221],[-322.285,72.764],[334.925,72.764],[373.291,48.221],[373.291,38.403],[334.925,13.86],[290.238,14.405],[302.876,9.234],[306.488,-13.666],[292.946,-24.008],[371.938,-23.677],[410.304,-48.221]],"c":true},"ix":2},"nm":"Path 1","mn":"ADBE Vector Shape - Group","hd":false},{"ty":"fl","c":{"a":0,"k":[0.375999989229,0.375999989229,0.375999989229,1],"ix":4},"o":{"a":0,"k":100,"ix":5},"r":1,"nm":"Fill 1","mn":"ADBE Vector Graphic - Fill","hd":false},{"ty":"tr","p":{"a":0,"k":[410.304,446.794],"ix":2},"a":{"a":0,"k":[0,0],"ix":1},"s":{"a":0,"k":[100,100],"ix":3},"r":{"a":0,"k":0,"ix":6},"o":{"a":0,"k":25,"ix":7},"sk":{"a":0,"k":0,"ix":4},"sa":{"a":0,"k":0,"ix":5},"nm":"Transform"}],"nm":"Group 23","np":2,"cix":2,"ix":20,"mn":"ADBE Vector Group","hd":false}],"ip":0,"op":120,"st":0,"bm":0},{"ddd":0,"ind":6,"ty":4,"nm":"cat Outlines","sr":1,"ks":{"o":{"a":1,"k":[{"i":{"x":[0.833],"y":[0.833]},"o":{"x":[0.167],"y":[0.167]},"n":["0p833_0p833_0p167_0p167"],"t":60,"s":[100],"e":[0]},{"t":90}],"ix":11},"r":{"a":0,"k":0,"ix":10},"p":{"a":1,"k":[{"i":{"x":0.833,"y":0.833},"o":{"x":0.167,"y":0.167},"n":"0p833_0p833_0p167_0p167","t":0,"s":[512,172.5,0],"e":[734,173.5,0],"to":[37,0.16666667163372,0],"ti":[-37,-0.16666667163372,0]},{"t":90}],"ix":2},"a":{"a":0,"k":[34.5,31.5,0],"ix":1},"s":{"a":0,"k":[100,100,100],"ix":6}},"ao":0,"shapes":[{"ty":"gr","it":[{"ind":0,"ty":"sh","ix":1,"ks":{"a":0,"k":{"i":[[-2.556,1.439],[0.034,-0.122],[-0.069,-0.885],[-0.164,-2.125],[-0.68,5.102]],"o":[[0.11,-0.062],[-0.236,0.847],[0.164,2.126],[-0.111,-1.435],[0.395,-2.967]],"v":[[3.642,-5.031],[3.835,-4.865],[3.732,-2.217],[4.225,4.159],[-4.188,2.724]],"c":true},"ix":2},"nm":"Path 1","mn":"ADBE Vector Shape - Group","hd":false},{"ty":"fl","c":{"a":0,"k":[0.224000010771,0.224000010771,0.258999992819,1],"ix":4},"o":{"a":0,"k":100,"ix":5},"r":1,"nm":"Fill 1","mn":"ADBE Vector Graphic - Fill","hd":false},{"ty":"tr","p":{"a":0,"k":[57.283,17.917],"ix":2},"a":{"a":0,"k":[0,0],"ix":1},"s":{"a":0,"k":[100,100],"ix":3},"r":{"a":0,"k":0,"ix":6},"o":{"a":0,"k":100,"ix":7},"sk":{"a":0,"k":0,"ix":4},"sa":{"a":0,"k":0,"ix":5},"nm":"Transform"}],"nm":"Group 1","np":2,"cix":2,"ix":1,"mn":"ADBE Vector Group","hd":false},{"ty":"gr","it":[{"ind":0,"ty":"sh","ix":1,"ks":{"a":0,"k":{"i":[[-2.555,1.439],[0.034,-0.122],[-0.069,-0.885],[-0.164,-2.125],[-0.68,5.102]],"o":[[0.11,-0.062],[-0.236,0.847],[0.164,2.126],[-0.111,-1.435],[0.395,-2.967]],"v":[[3.642,-5.031],[3.835,-4.865],[3.732,-2.217],[4.225,4.159],[-4.188,2.724]],"c":true},"ix":2},"nm":"Path 1","mn":"ADBE Vector Shape - Group","hd":false},{"ty":"fl","c":{"a":0,"k":[0.224000010771,0.224000010771,0.258999992819,1],"ix":4},"o":{"a":0,"k":100,"ix":5},"r":1,"nm":"Fill 1","mn":"ADBE Vector Graphic - Fill","hd":false},{"ty":"tr","p":{"a":0,"k":[61.753,18.672],"ix":2},"a":{"a":0,"k":[0,0],"ix":1},"s":{"a":0,"k":[100,100],"ix":3},"r":{"a":0,"k":0,"ix":6},"o":{"a":0,"k":100,"ix":7},"sk":{"a":0,"k":0,"ix":4},"sa":{"a":0,"k":0,"ix":5},"nm":"Transform"}],"nm":"Group 2","np":2,"cix":2,"ix":2,"mn":"ADBE Vector Group","hd":false},{"ty":"gr","it":[{"ind":0,"ty":"sh","ix":1,"ks":{"a":0,"k":{"i":[[-0.46,-0.054],[-0.441,0.076],[-0.056,0.881],[1.192,-0.333],[0,0],[0.309,-0.728],[-0.422,-0.547]],"o":[[0.442,-0.067],[0.808,-0.36],[0.08,-1.235],[0,0],[-0.734,0.204],[-0.269,0.636],[0.28,0.362]],"v":[[-0.648,2.307],[0.677,2.096],[2.18,0.113],[-0.213,-1.975],[-0.227,-1.82],[-1.926,-0.26],[-1.838,1.714]],"c":true},"ix":2},"nm":"Path 1","mn":"ADBE Vector Shape - Group","hd":false},{"ty":"fl","c":{"a":0,"k":[0.486000001197,0.169000004787,0.289999988032,1],"ix":4},"o":{"a":0,"k":100,"ix":5},"r":1,"nm":"Fill 1","mn":"ADBE Vector Graphic - Fill","hd":false},{"ty":"tr","p":{"a":0,"k":[57.722,37.927],"ix":2},"a":{"a":0,"k":[0,0],"ix":1},"s":{"a":0,"k":[100,100],"ix":3},"r":{"a":0,"k":0,"ix":6},"o":{"a":0,"k":100,"ix":7},"sk":{"a":0,"k":0,"ix":4},"sa":{"a":0,"k":0,"ix":5},"nm":"Transform"}],"nm":"Group 3","np":2,"cix":2,"ix":3,"mn":"ADBE Vector Group","hd":false},{"ty":"gr","it":[{"ind":0,"ty":"sh","ix":1,"ks":{"a":0,"k":{"i":[[0,0],[-6.531,-3.309],[0,0],[1.68,8.905]],"o":[[0,0],[0,0],[0,0],[0,0]],"v":[[-5.137,-6.536],[3.174,7.656],[5.137,7.527],[-3.805,-7.656]],"c":true},"ix":2},"nm":"Path 1","mn":"ADBE Vector Shape - Group","hd":false},{"ty":"fl","c":{"a":0,"k":[0.910000011968,0.62400004069,0.250999989229,1],"ix":4},"o":{"a":0,"k":100,"ix":5},"r":1,"nm":"Fill 1","mn":"ADBE Vector Graphic - Fill","hd":false},{"ty":"tr","p":{"a":0,"k":[52.256,28.553],"ix":2},"a":{"a":0,"k":[0,0],"ix":1},"s":{"a":0,"k":[100,100],"ix":3},"r":{"a":0,"k":0,"ix":6},"o":{"a":0,"k":100,"ix":7},"sk":{"a":0,"k":0,"ix":4},"sa":{"a":0,"k":0,"ix":5},"nm":"Transform"}],"nm":"Group 4","np":2,"cix":2,"ix":4,"mn":"ADBE Vector Group","hd":false},{"ty":"gr","it":[{"ind":0,"ty":"sh","ix":1,"ks":{"a":0,"k":{"i":[[0.056,-1.382],[-0.13,-1.408],[0.14,-1.576],[0.212,-1.601],[-0.274,-0.488],[-0.423,0.333],[-0.223,3.007],[-0.724,2.365],[-0.548,1.488],[0.502,1.451],[0.192,0.808],[0.121,0.027],[0.066,-0.037],[0.593,-1.541],[0.041,-1.009]],"o":[[-0.057,1.412],[0.144,1.576],[-0.142,1.61],[-0.074,0.566],[0.275,0.488],[1.412,-2.582],[0.184,-2.489],[0.468,-1.53],[0.5,-1.355],[-0.281,-0.812],[-0.032,-0.132],[-0.073,-0.017],[-1.338,0.74],[-0.355,0.921],[-0.055,1.382]],"v":[[-3.324,-2.572],[-3.307,1.667],[-2.924,6.389],[-3.954,11.098],[-3.76,12.768],[-2.419,13.193],[0.663,4.902],[0.904,-2.548],[2.911,-6.808],[3.533,-11.268],[2.361,-13.195],[2.156,-13.51],[1.943,-13.452],[-3.003,-10.264],[-3.156,-6.717]],"c":true},"ix":2},"nm":"Path 1","mn":"ADBE Vector Shape - Group","hd":false},{"ty":"fl","c":{"a":0,"k":[0.224000010771,0.224000010771,0.258999992819,1],"ix":4},"o":{"a":0,"k":100,"ix":5},"r":1,"nm":"Fill 1","mn":"ADBE Vector Graphic - Fill","hd":false},{"ty":"tr","p":{"a":0,"k":[50.923,47.979],"ix":2},"a":{"a":0,"k":[0,0],"ix":1},"s":{"a":0,"k":[100,100],"ix":3},"r":{"a":0,"k":0,"ix":6},"o":{"a":0,"k":100,"ix":7},"sk":{"a":0,"k":0,"ix":4},"sa":{"a":0,"k":0,"ix":5},"nm":"Transform"}],"nm":"Group 5","np":2,"cix":2,"ix":5,"mn":"ADBE Vector Group","hd":false},{"ty":"gr","it":[{"ind":0,"ty":"sh","ix":1,"ks":{"a":0,"k":{"i":[[1.572,-3.651],[0.475,-0.278],[0.457,0.023],[1,0.049],[0.735,0.626],[-0.747,0.601],[-1.181,-0.07],[1.735,2.353],[0.397,0.452],[0.481,1.234],[-0.916,0.623],[-2.245,-0.768],[0.502,-2.475]],"o":[[-0.23,0.534],[-0.403,0.236],[-0.999,-0.048],[-0.928,-0.045],[-0.736,-0.625],[0.953,-0.765],[3.725,0.224],[-0.36,-0.488],[-0.848,-0.963],[-0.602,-1.544],[1.898,-1.289],[2.114,0.723],[-0.801,3.947]],"v":[[1.932,8.476],[0.964,9.853],[-0.378,10.05],[-3.377,9.905],[-6.034,9.164],[-6.27,6.538],[-2.873,7.008],[-0.394,-1.499],[-1.582,-2.858],[-3.653,-6.203],[-3.16,-7.895],[3.147,-9.321],[6.515,-3.51]],"c":true},"ix":2},"nm":"Path 1","mn":"ADBE Vector Shape - Group","hd":false},{"ty":"fl","c":{"a":0,"k":[0.224000010771,0.224000010771,0.258999992819,1],"ix":4},"o":{"a":0,"k":100,"ix":5},"r":1,"nm":"Fill 1","mn":"ADBE Vector Graphic - Fill","hd":false},{"ty":"tr","p":{"a":0,"k":[43.802,46.49],"ix":2},"a":{"a":0,"k":[0,0],"ix":1},"s":{"a":0,"k":[100,100],"ix":3},"r":{"a":0,"k":0,"ix":6},"o":{"a":0,"k":100,"ix":7},"sk":{"a":0,"k":0,"ix":4},"sa":{"a":0,"k":0,"ix":5},"nm":"Transform"}],"nm":"Group 6","np":2,"cix":2,"ix":6,"mn":"ADBE Vector Group","hd":false},{"ty":"gr","it":[{"ind":0,"ty":"sh","ix":1,"ks":{"a":0,"k":{"i":[[-1.89,-3.576],[0.089,-0.585],[0.317,-0.389],[0.694,-0.852],[0.983,-0.273],[-0.01,1.019],[-0.831,0.997],[0.853,1.323],[2.675,0.858],[0.777,0.5],[-0.217,0.898],[-2.132,-2.49]],"o":[[0.276,0.523],[-0.075,0.496],[-0.694,0.852],[-0.644,0.79],[-0.982,0.272],[0.011,-1.298],[1.007,-1.21],[-1.523,-2.36],[-0.88,-0.282],[-0.777,-0.5],[0.93,-3.837],[2.633,3.075]],"v":[[7.342,3.01],[7.809,4.689],[7.089,5.988],[5.008,8.544],[2.674,10.439],[0.419,9.07],[3.021,6.361],[2.622,1.975],[-3.934,-3.051],[-6.518,-4.023],[-7.682,-6.344],[0.758,-8.221]],"c":true},"ix":2},"nm":"Path 1","mn":"ADBE Vector Shape - Group","hd":false},{"ty":"fl","c":{"a":0,"k":[0.224000010771,0.224000010771,0.258999992819,1],"ix":4},"o":{"a":0,"k":100,"ix":5},"r":1,"nm":"Fill 1","mn":"ADBE Vector Graphic - Fill","hd":false},{"ty":"tr","p":{"a":0,"k":[24.221,49.854],"ix":2},"a":{"a":0,"k":[0,0],"ix":1},"s":{"a":0,"k":[100,100],"ix":3},"r":{"a":0,"k":0,"ix":6},"o":{"a":0,"k":100,"ix":7},"sk":{"a":0,"k":0,"ix":4},"sa":{"a":0,"k":0,"ix":5},"nm":"Transform"}],"nm":"Group 7","np":2,"cix":2,"ix":7,"mn":"ADBE Vector Group","hd":false},{"ty":"gr","it":[{"ind":0,"ty":"sh","ix":1,"ks":{"a":0,"k":{"i":[[1.835,1.435],[1.923,0.857],[0.464,0.017],[0.424,-0.212],[-1.225,-2.592],[-0.619,-0.683],[-1.493,-2.136],[0.889,-4.27],[-0.018,-0.413],[-2.371,-0.083],[-0.08,0.651],[0.311,0.829],[-0.368,0.707],[-0.757,1.972],[1.415,3.843]],"o":[[-1.727,-1.35],[-0.423,-0.189],[-0.474,-0.018],[-2.563,1.284],[0.394,0.833],[1.751,1.929],[2.739,3.921],[-0.084,0.406],[0.089,1.989],[0.655,0.023],[0.14,-1.128],[-0.32,-0.854],[0.975,-1.873],[1.409,-3.672],[-0.823,-2.232]],"v":[[3.244,-12.529],[-2.4,-15.788],[-3.726,-16.179],[-5.089,-15.825],[-7.624,-8.483],[-6.017,-6.246],[-0.759,-0.473],[-0.08,11.044],[-0.231,12.274],[2.884,16.196],[4.339,15.154],[2.848,13.06],[3.715,10.577],[6.355,4.811],[7.434,-7.09]],"c":true},"ix":2},"nm":"Path 1","mn":"ADBE Vector Shape - Group","hd":false},{"ty":"fl","c":{"a":0,"k":[0.224000010771,0.224000010771,0.258999992819,1],"ix":4},"o":{"a":0,"k":100,"ix":5},"r":1,"nm":"Fill 1","mn":"ADBE Vector Graphic - Fill","hd":false},{"ty":"tr","p":{"a":0,"k":[12.382,45.859],"ix":2},"a":{"a":0,"k":[0,0],"ix":1},"s":{"a":0,"k":[100,100],"ix":3},"r":{"a":0,"k":0,"ix":6},"o":{"a":0,"k":100,"ix":7},"sk":{"a":0,"k":0,"ix":4},"sa":{"a":0,"k":0,"ix":5},"nm":"Transform"}],"nm":"Group 8","np":2,"cix":2,"ix":8,"mn":"ADBE Vector Group","hd":false},{"ty":"gr","it":[{"ind":0,"ty":"sh","ix":1,"ks":{"a":0,"k":{"i":[[-8.401,-6.808],[-0.965,-0.222],[-3.166,0.193],[9.677,3.201]],"o":[[0.781,0.633],[3.098,0.713],[10.713,-0.652],[-7.377,-2.439]],"v":[[-5.425,7.102],[-2.688,8.225],[5.923,10.387],[6.438,-8.141]],"c":true},"ix":2},"nm":"Path 1","mn":"ADBE Vector Shape - Group","hd":false},{"ty":"fl","c":{"a":0,"k":[0.224000010771,0.224000010771,0.258999992819,1],"ix":4},"o":{"a":0,"k":100,"ix":5},"r":1,"nm":"Fill 1","mn":"ADBE Vector Graphic - Fill","hd":false},{"ty":"tr","p":{"a":0,"k":[54.375,25.707],"ix":2},"a":{"a":0,"k":[0,0],"ix":1},"s":{"a":0,"k":[100,100],"ix":3},"r":{"a":0,"k":0,"ix":6},"o":{"a":0,"k":100,"ix":7},"sk":{"a":0,"k":0,"ix":4},"sa":{"a":0,"k":0,"ix":5},"nm":"Transform"}],"nm":"Group 9","np":2,"cix":2,"ix":9,"mn":"ADBE Vector Group","hd":false},{"ty":"gr","it":[{"ind":0,"ty":"sh","ix":1,"ks":{"a":0,"k":{"i":[[-6.964,1.867],[-5.516,-0.23],[-5.093,-2.563],[-1.095,-3],[0.328,-1.354],[0.195,-0.575],[0.756,-0.281],[0.82,-0.628],[4.457,-0.817],[4.539,-0.342],[2.714,7.437]],"o":[[5.26,-1.41],[6.018,0.252],[2.611,1.315],[0.472,1.294],[-0.149,0.612],[-0.292,0.861],[-0.948,0.351],[-3.826,2.927],[-4.483,0.822],[-7.396,0.556],[-2.537,-6.955]],"v":[[-12.176,-11.359],[4.264,-12.378],[21.667,-9.18],[27.921,-2.626],[28.219,1.447],[27.684,3.346],[26.059,4.605],[23.504,6.305],[10.719,10.305],[-2.801,12.156],[-26.01,5.331]],"c":true},"ix":2},"nm":"Path 1","mn":"ADBE Vector Shape - Group","hd":false},{"ty":"fl","c":{"a":0,"k":[0.224000010771,0.224000010771,0.258999992819,1],"ix":4},"o":{"a":0,"k":100,"ix":5},"r":1,"nm":"Fill 1","mn":"ADBE Vector Graphic - Fill","hd":false},{"ty":"tr","p":{"a":0,"k":[30.373,31.97],"ix":2},"a":{"a":0,"k":[0,0],"ix":1},"s":{"a":0,"k":[100,100],"ix":3},"r":{"a":0,"k":0,"ix":6},"o":{"a":0,"k":100,"ix":7},"sk":{"a":0,"k":0,"ix":4},"sa":{"a":0,"k":0,"ix":5},"nm":"Transform"}],"nm":"Group 10","np":2,"cix":2,"ix":10,"mn":"ADBE Vector Group","hd":false},{"ty":"gr","it":[{"ind":0,"ty":"sh","ix":1,"ks":{"a":0,"k":{"i":[[2.311,-2.27],[-0.011,-4.919],[-2.341,-6.712],[-0.477,-0.216],[-0.304,0.533],[0.068,0.61],[0.669,1.896],[-3.347,5.758],[1.827,4.86]],"o":[[-3.634,3.57],[0.017,7.279],[0.173,0.494],[0.558,0.253],[0.304,-0.532],[-0.222,-1.998],[-2.217,-6.281],[1.313,-2.261],[-1.192,-3.172]],"v":[[-1.432,-17.161],[-5.589,-2.175],[-0.425,17.97],[0.441,19.224],[1.994,18.591],[2.234,16.798],[0.459,11.051],[1.928,-8.075],[3.762,-17.606]],"c":true},"ix":2},"nm":"Path 1","mn":"ADBE Vector Shape - Group","hd":false},{"ty":"fl","c":{"a":0,"k":[0.224000010771,0.224000010771,0.258999992819,1],"ix":4},"o":{"a":0,"k":100,"ix":5},"r":1,"nm":"Fill 1","mn":"ADBE Vector Graphic - Fill","hd":false},{"ty":"tr","p":{"a":0,"k":[5.589,19.478],"ix":2},"a":{"a":0,"k":[0,0],"ix":1},"s":{"a":0,"k":[100,100],"ix":3},"r":{"a":0,"k":0,"ix":6},"o":{"a":0,"k":100,"ix":7},"sk":{"a":0,"k":0,"ix":4},"sa":{"a":0,"k":0,"ix":5},"nm":"Transform"}],"nm":"Group 11","np":2,"cix":2,"ix":11,"mn":"ADBE Vector Group","hd":false}],"ip":0,"op":120,"st":0,"bm":0}],"markers":[]}